name,tag,region,rr,rank,puuid
Bst4r,XXY,kr,310,38,a091f113-3a49-5bda-a4ce-ac8b31fec282
ego,이우진,kr,281,58,87c70489-4d3b-58be-95ad-47a3d21ea3ff
JIN,208,kr,271,65,d9de6b0e-da9f-5dc8-a289-aaead5db10f1
김또깡,0805,kr,269,70,70a877a0-c98d-5528-80bf-c466d3280ba5
이러면 어쩔건데,저쩔해야지,kr,259,85,515f3b97-57cb-5ef2-a5d5-73814bd48dc6
숑디따거숑디따거숑디따거숑디따거,숑디따거,kr,255,88,06002f63-7e9f-5014-87bc-755ae38c600b
武 神,月齡월령,kr,237,121,b4160e18-aa9a-57f4-b8ce-0109eeb13100
ToRy,proz,kr,234,126,9255f14e-cdb4-5196-b21e-a8f4a07ea4f7
CalmAim,Zen,kr,228,141,8efedb08-6566-5d3e-826b-24fcbe141330
メロ焼き,Mero,kr,214,175,bd05dfad-f2ea-5777-817b-2642a88abe92
디케이 슈,디플러스갹,kr,207,211,e3576734-9e9b-529f-8d8a-aa239e694c30
바닥에떨어진마스터이띵지털,꼬불꼬불,kr,201,244,97aa2a3e-f16b-5784-8f72-d214e3c725d0
김이빈,이종빈,kr,200,256,ed639663-45d8-5299-b748-624c15ec4b03
노태희 각하,독재자,kr,193,265,394c9982-44dc-5dea-b19d-06d1ca3f3172
발로처음이라못해요,진짜임,kr,185,281,82174f77-ca95-5608-aa94-d1776494fc5d
zexkixn,8638,kr,184,286,e98cf096-bd34-5c91-8803-c92ad8dac613
바 부,맞던데,kr,180,294,f2d155f0-3cb1-52d3-8194-2063794108c0
다 드루와,한 명 씩,kr,174,308,65d117b0-ccb0-5165-8194-1f9ec4740c43
나의 아기고양이,야옹야옹,kr,166,331,710cf4ef-dd53-5356-98e4-cbda1c5b1c00
바쿠고 카츠키,캇짱00,kr,164,337,cd9fbcee-c839-5cf9-b681-408557fe2deb
찬란한 계절,폴 킴,kr,163,338,828e6da1-43e0-5d0e-8863-2797a0da0d55
720,イゴン,kr,162,342,203e171e-8628-5c37-8f6b-1bf8edafceac
지용맘,9999,kr,155,372,4c4f650c-94d0-505e-8347-31816e4d16f8
GEN moves,2155,kr,155,376,1522d78b-a3a8-58a7-8dcd-6805e9c8eb0d
호올스,1004,kr,153,386,14024cfe-9951-5ee8-aec3-65c3623895e2
이민준내계정으로적당히욕해제발,1111,kr,148,402,ca80619e-2f0d-5a43-8e72-bd0e50391cfb
백지헌 사랑해,03417,kr,136,437,8c0b5749-511b-5d86-bce7-c992352e7a0b
FFallen,99999,kr,133,454,bf186f4e-f04f-54db-a37d-994e8e68aaea
FS Primmie,53406,kr,132,463,f9a326a2-66b7-5900-8d1f-1ac2eb01aebf
페미니스트 이재민,3202,kr,126,490,5d92e5c9-87b2-5a34-a8b6-17ddff7d7f58
감기걸린우유,꿈찍사봉,kr,121,514,65643a68-af55-54fb-aa8b-db62274a5c4e
한국최강미소녀,오프라인,kr,117,539,077ac00a-9aff-5ca2-bb25-d4bc94216339
Eagleman,kj2lv,kr,117,548,b0c9a947-6c85-5753-aa44-12c6b920dbea
늙음을장비빨로극복하기,OwO,kr,113,566,d24fcf0b-c610-58ff-bf63-c6b865fe2401
이거보면허리펴요,crack,kr,112,571,874ca661-c748-5f36-a200-d977991c25f3
희 동,0720,kr,112,573,b7160ef6-47c6-517a-9e17-d30c5dba9edd
패왕색,777,kr,112,579,ce7bde40-d03a-52af-87ac-43037afa78eb
S T A R,06년생,kr,111,587,06999f18-8b15-5ead-abde-9ac89def812a
연세대 시스템반도체공학과,27학번,kr,111,588,05ed0c2f-902d-53eb-b178-00639a9db0df
짐승현,1111,kr,111,590,7ce9e2c5-2bdd-511e-acd6-a4b110fa23b1
17Kz,텐즈호날두,kr,110,593,816ab545-3e6e-5d74-a5f8-e6620c05ef6e
나는야 우주최강 짱짱맨,ralcx,kr,110,596,d6dab6d0-8845-508d-ab0f-20bc2ef88fef
레오나르도 빚갚으리오,왕자등장,kr,107,609,0682a8ae-cd48-546a-b7bf-d95d69de13fa
남혐제조기,김지윤,kr,104,647,e82c8f16-7efc-51d3-8afe-704db595e342
Lunami yachiyo,카구야공주,kr,103,651,02f1d465-227d-570e-b176-a1d96373458b
우치하마다라,인정한다,kr,101,681,6e2714a5-d25a-5de8-802b-ea8568cb8090
GR Veigar,GRWIN,kr,101,682,46e6357a-be04-5f82-acfb-ed3c7fcd4b89
랭 깅,KR1,kr,100,690,b7180a92-cf0a-5f9a-8412-71b4bb3c6a4a
오렌지를먹으면너한테오렌지,오랑게,kr,99,707,3f957d1c-8a77-559b-bd8c-03358a8b7cd5
장만월,111,kr,98,709,820bd08a-8173-5b72-988f-87df0df3a253
Akari,4376,kr,98,712,82eceec5-0c60-515c-99fd-9e1d537f7ae6
박한솔사랑해,0118,kr,96,732,bb454603-1426-51ae-9fd5-2bcf035d3b98
너임마청년,맛있더라,kr,96,736,fef54a2d-07d0-59b3-bf05-a90f27c8ada1
そよん,1120,kr,95,742,e4c46c7e-9313-5bb6-a15a-776312c3a7ed
우진핑,호호호,kr,91,778,660060a7-c290-5c27-b5da-620c0cbd8c6c
13년생 기여미,원당중,kr,91,779,a62a2ce9-1653-5c8a-a0df-8b9924572a56
이병 성윤모,앙녕항셍용,kr,90,787,73278aec-ea9c-5391-8f58-9fddfc5f6ec3
DRX S3OK,111,kr,89,796,c5ee614c-6ee4-5147-80d1-d762e7b15b87
offon,033,kr,88,799,13a25d81-2566-59d6-b001-0b25fef71ee3
율냥이,1211,kr,88,806,eb8f4fab-cb56-540c-9557-0f09fda9706e
Roy,권세원이다,kr,86,821,514681a5-3c7b-570b-85ab-9b5136612471
rowhwqkqtorlemf,1337,kr,85,826,25fc9b9d-e32d-53eb-bf90-498c428a1e7b
초가구야 공주이로하가구야야치요,사랑해,kr,84,838,44eacdfa-aef7-5c90-b017-bdd6390c1f99
炎柱 렌고쿠 쿄쥬로,1009,kr,83,844,d2f9dea4-30a0-5f6d-b2af-52d48a93ca97
약간맛가버린브리치,간다탕탕탕,kr,81,855,37b2e3bd-4fdb-5c72-82d1-6e6b5bc03833
復歸人,8282,kr,81,858,a8126091-f808-53d5-9055-5679b2315733
크앙무섭찌,흐앙살려줘,kr,81,860,20f0f349-6b61-5c7b-b188-10fd04335b1c
صمت,1120,kr,78,884,52e840cf-f776-5265-ad52-6cc2ffa65be3
Takoyaki,타코야끼,kr,75,921,c573db96-60e8-56cb-86f9-b561bb8bfbb0
花が咲く時を待ちながら,tnp,kr,72,952,acdd0085-ee6d-5fe0-bffd-b7d0d709dbc3
내 전용,민 지,kr,70,963,aed4c90c-880e-5b94-8fb4-74783f1e8411
Killua Zaoldyeck,이x서,kr,69,974,055d5f08-5b2a-577c-a6d8-282179d44099
호준이1,0929,kr,68,998,33e25bbd-b256-592a-8333-69ae6b21dd69
hyung jun,김형준,kr,68,1000,5217186b-2148-520a-9cdc-d9ebf2c2d6cc
미야기 료타,731,kr,65,1029,29f178f9-77b1-5c55-b600-c78f28b58f1a
도 은,1027,kr,65,1037,647ab108-fec9-5665-af83-83ab4980d9f8
xsxsxs,xsxsx,kr,63,1066,7909c625-aecd-5f0c-84ef-7a531824ebd2
運氣造息,7862,kr,63,1067,9603fcbe-43ff-5ccc-96e0-c0e1432c8b70
아침은 싫고 밤은 너무나 길어,111,kr,62,1068,175c11fa-6be0-5c5d-a9ef-df14780f8fda
Max Verstappen,박 살,kr,61,1097,5804a8a1-4b8b-5ed9-9689-4124bcf135fa
인스타 준발이,777,kr,60,1103,efde38cc-c495-5bbd-b413-192d38b6bbbb
강준모 키우기,1111,kr,57,1168,466b278f-c1b4-5600-adda-70e9719c9f3e
이세연 사랑해,no1,kr,53,1220,f91b49d1-9600-5fe3-9125-b2beb60528ee
hyx,0 3,kr,52,1225,c94f19b1-655a-53cb-a725-7d29299adb18
Spade,cheat,kr,52,1226,8222a7d9-2a96-569f-8cf7-9db87e0f8884
레디언트갈때까지닉안바꿈,레디갈거임,kr,52,1227,7e5ff4c7-0416-5000-a340-eaa332b3fa8a
송히전용노예,주인님좋아,kr,52,1238,a44c2f2f-b62a-519d-ab81-a4c870b9fe33
Nakano Nino,2011,kr,52,1239,ba6142a9-ec5c-52ae-adda-1bcdbb5847a9
성수폭격기,1622,kr,51,1247,929cd406-0ea8-5b7e-a351-8a533bb84a4b
Vortex,BNT0,kr,50,1266,0e8273fe-1358-593e-b37a-af4a9556a3cf
이 찬 민,storm,kr,49,1280,1b3c244f-55e9-56f3-a135-462b7a239511
Lynx,ac1,kr,48,1290,8b430431-c06f-5126-8a4d-bb239678eaed
난겨울이젤좋아,0426,kr,47,1304,2b825967-4b6e-57b2-b63b-125d3adaf882
夏 音,yuuri,kr,46,1331,3c9c34ce-e81a-5e97-a3ea-82be1bcf504f
bangerfour,뱅어포,kr,45,1344,c22ad298-0646-5994-a9da-ec7cd5172f10
Óðinn,阿瑞斯,kr,44,1362,b5df0cee-d83c-5539-a07c-7a615d976d36
밍베짱,つ0ε0つ,kr,44,1369,35264637-736b-546c-a0a2-ccfb39120c31
네온장인에게꿀팁전수받기,000,kr,43,1387,9197102d-14fb-5acc-9066-f88acee9553b
나태의 왕 벨페고르,7대 악,kr,42,1415,e33a8717-7cab-53e0-88da-831434e9f888
쩡 욱,0025,kr,41,1430,2813e820-ed98-5982-8b50-7e0f190921c5
연산중레디언트지망생권유찬,니얼굴,kr,40,1449,ab3b36ec-54b0-5e7a-9a3a-f8f8bcda1c6c
내 잠든 그대를 기릴 테니,편히쉬시게,kr,39,1464,52d0a95f-0348-5400-8102-4773574463a3
홍기서,서울대머리,kr,39,1472,43c3cc22-22f4-530d-a97b-890795a143c3
朴贤俊,11111,kr,39,1473,b54342dd-7848-5416-8248-3438264ddd7b
신사에갔더니여우가컴퓨터를하잖아,라이트노벨,kr,38,1481,a38a7570-3a79-5dbb-bf7d-511bc332e7e3
팬텀과스카이로레디언트가기,매날린다,kr,38,1486,bdf9a733-e3a1-5f49-847c-c3979f68daa0
청 명,앙기모띠,kr,35,1549,b051dda0-a415-51df-97b9-2a03c8764782
kaio,rose,kr,35,1561,f3e480cb-feba-5c84-9993-4efe5e028726
훈민정음,0914,kr,35,1565,664d4441-7b61-5585-89eb-f2b58cfc049a
어려운복귀,0720,kr,35,1567,1d6b9e03-8508-59e9-9291-ec21aa349bb4
EG COM,1423,kr,35,1573,b3cd3c6c-408f-5768-9db9-395084817198
강동훈,비운의천재,kr,33,1612,22ae4789-cd85-50ba-854c-1821076bda91
꿀     렁,꿀딴지,kr,32,1635,69441cc0-95eb-5b74-91ac-b565c102d7dc
몽키매직,돌아왔다,kr,32,1642,7dd738fe-b7cb-52bd-afdd-2f26a151281f
스피노사우루스,돛달린공룡,kr,32,1648,0fca01b9-485f-5df8-ac7e-01bb094c1208
어형네온땜에스트레스많이받을꺼야,안깝칠게용,kr,31,1681,cd6d0876-5d0a-515b-a265-a48ec9aa1677
곧 추,곧추격함,kr,29,1700,e06d1015-f472-52fb-970a-5fed3520ebb3
꾸꾸별,12345,kr,29,1711,3127831c-74cf-5bc8-a3ff-c9a4e0a35fed
김뭉먕팬 만듀,1004,kr,28,1745,a3cfab0f-c077-5b0c-81b7-ba127795a92f
Akane Lize,0527,kr,28,1746,a79d3f39-0068-50b4-be8f-ed4dce13b9c2
YOBI,CUTE,kr,27,1755,a2dc4d92-5b15-50a1-8244-0a91e4cca972
와플1001,11111,kr,26,1774,ebefa18d-38e6-5f64-8f32-0663023f5792
소보로빵,0103,kr,25,1789,3ed3ccdc-9db7-5bcc-9ceb-1e1fc97bf8ea
한국서버개장수,xxxx,kr,25,1791,cf38596d-e46d-5a2e-96ac-608dbba9864b
혜지개날먹도구챔프로버스받기장인,박현서,kr,24,1796,1f416b82-4a4b-5382-ae19-74785f06ee82
BFX empty,FEARX,kr,22,1834,22a0a128-c6a7-5c5b-8a88-daca00b6f0dc
BIN2,06s,kr,22,1837,32cd8532-feab-5f3a-bc06-73cb092badd9
Fragrance,7777,kr,22,1840,c7025f2b-08dd-561d-a8f5-0886a94ee0ac
조찬우A,Ester,kr,21,1860,3dda2e60-2da0-57b4-8464-cf080c8040e2
달에함꼐가지못해서미안해,고멘나사이,kr,21,1868,27e3530f-733e-5d87-a34e-81843efa5b41
Russian beach,보드카,kr,20,1893,f2eea5d3-fe6e-5313-b122-6e5111c79910
남탓 하면 차단이후 신고,NO남탓,kr,19,1905,149cd9b3-a5e4-5a94-a238-b4aafb50a0eb
요아정,wnss,kr,19,1916,f27dd77d-6f5a-5cd7-bf23-29549fcf8abb
온앤온코인노래방,많관부,kr,19,1924,e11e7bbb-c5ea-58eb-a7a5-b871ff9f9870
대기번호1번,KR1,kr,18,1954,23e3f774-1731-5871-a0b1-bc23e28291c9
dam,0916,kr,18,1959,e4f5790b-fea4-5ac8-8548-1c779d5d9e47
따라안할거야,어쩌라고,kr,17,1987,79651492-99b3-5767-ab15-dd191e6b2481
시카요리 이로하,8000,kr,17,1994,fe6834ba-7002-5b31-993f-4e4119470275
백동수,朝鮮第一劍,kr,17,2022,49f54950-ddf4-502a-90c4-abfe9c50cf77
건호를위한레디언트계정,건호얌,kr,17,2024,b50373fc-88d1-5da7-af36-4251010b6c48
Kruzy,0128,kr,16,2027,fc2eb06f-e8e7-5aa5-b02d-0e9432d4835d
NS Neoguri,1234,kr,16,2061,e08b86c8-3479-51a6-8001-f546889b182a
무례한 무뢰한,무례하긴,kr,16,2084,5f135639-aaec-54f5-b495-70805a4a0ed9
SceNe,4444,kr,15,2098,f9892384-3a91-5334-96e0-b036b51a94d1
지 우,울산대장,kr,15,2099,981f3d30-b1ca-55ad-9b43-7e13bed87a23
Axel,Wave,kr,15,2103,cef6cfec-2bb7-584b-9866-feb03bf27763
폼만돌아오면위험한애,기다려,kr,14,2134,d6a9e694-1232-554b-be52-b9ccfdae57b4
동팔이,KR2,kr,14,2147,4b9559d9-0a8b-5c6e-afdc-7815757614cd
우리계속사랑하고계속사귈거야,cn1,kr,14,2148,d0e85e73-cda7-5807-97e2-d6ef8b323ba6
카리스마 김선유 따까리 강혁준,따까리,kr,13,2185,90c34c4e-cacd-5744-a21e-3eb8eada02ee
목탁치다걸린예수님,1111,kr,13,2186,0ec9a69a-14de-53d8-ae8e-7c9a7b5e0f72
니얼굴전미연,미요니이니,kr,12,2229,0777e7d9-8a73-525c-93a4-c8beb0bde3bd
Arctyk,王嘉琳,kr,11,2243,d84511f1-e8ba-5096-b813-4276dd5a97f8
여누여누,KR2,kr,11,2246,418aefc2-0d6b-5f59-a206-0c74005f4065
김민선,2008,kr,11,2253,603970b6-cba4-54dd-9ba8-400e98885dd2
SSSSSSSSSSSSSSSS,SS99,kr,11,2255,ca2367d9-ce5f-5549-839d-e23a57cd25eb
2so,0423,kr,10,2276,05cd3045-324f-529d-a3d1-93f55d1ffe42
여자3일1폭행,1111,kr,10,2289,0ab04dbe-0f6a-5810-b937-16071b52ef14
복스복,스타벅스,kr,10,2306,acc79627-869a-5bd7-86fd-9686ada7b1b0
ジウォン,Jiwon,kr,10,2341,2234d991-ade1-5125-adcb-fa29f6153b53
깜장핑,000,kr,10,2350,09e2268f-7677-5de3-b48f-2650c2cdc428
my name is shady,slim,kr,10,2351,16983c5d-5ef9-5848-bd59-84cfffcfaa17
임치즈,KR2,kr,10,2355,efced03d-383d-505e-a169-657df12db68e
지죤트롤링,1234,kr,6,2437,5ff1ffcb-0be2-5caf-877d-10b8e4248072
may I be happy,ifus,kr,5,2455,9f6b32be-6f01-5c2f-91ec-85917569c1a7
Ηρακλής,헤라클레스,kr,4,2460,e13e6009-bf6a-596b-a5e3-ca9a3eda3d01
아칼리 너프해라,KR1,kr,3,2479,6ca79728-1853-50c7-b8f3-749229a3de0a
underzerrro,0000,kr,2,2500,e265b24e-704b-5aed-a114-e85923600080
Xsaul,0210,kr,0,2524,ec1f6a30-a57a-543e-b155-6b203a410a03
슥 빡,피하고원탭,kr,0,2529,e2b1f7cb-fe55-524e-9542-8743a9416db5
HoSiNo,KOREA,kr,0,2540,e303eaeb-75cc-53ef-88f1-ff486c3daae1
승 건,1234,kr,0,2551,2998ef17-9916-5c3a-8e2f-03a73fb5731f
돌비공포라디오,1111,kr,0,2602,46834cc0-eb82-5f03-afc0-82dd6834368e
성진우,PB70,kr,0,2610,e39b8524-80ca-59ac-806f-d11e512fd448
MarioneTTe,Night,kr,0,2628,1cb617c7-a755-57c9-9da1-7443d49e3568
강동구이현호,5913,kr,0,2632,6cb36a43-1419-585e-bc53-13f7fe318074
1nF0ryxu,1234,kr,0,2635,693b0806-279a-5301-8a50-ce1d63859652
마인부우,11111,kr,0,2640,daea42be-8f5a-5823-9ab6-574747735547
Hyeonbin,2008,kr,0,2646,d2916e55-dc43-5828-826c-52d2c44e30df
01056520640,2002,kr,0,2649,1735fb65-40f5-5500-a74f-708b95a156ce
여우볕,fox,kr,0,2670,25ef528a-6ad3-5971-9d14-5f4425e183f0
돼지비계,KR1,kr,0,2679,ceb22c2a-dba1-50c0-96a5-d9c7d69c21f3
ZywOo,E775,kr,0,2693,8c81dad6-d718-5770-bc3a-8836cd7ef224
260101,1124,kr,0,2706,3b78869b-3dc0-55a3-b178-c16a69331a4c
paison,파이손,kr,0,2735,23996977-24f1-5659-807b-90fbbebb6b0e
16y old,젊은사람,kr,0,2739,df467887-8334-5dde-913e-e2b356bf4f88
불멸수문장송지용,못지나간다,kr,0,2747,ea904ee9-cc44-5b04-9356-0591f11c3ee9
성근승하효원유현민기효재렛츠고,노팍서윤,kr,0,2752,523027d1-1884-5ac2-8ba7-00119f1e2c69
즐겨찾기 당한 남자,3년동안,kr,0,2753,0068f9ce-8ca5-56b1-b2a0-c391ae410769
IDGAF,0331,kr,0,2760,f6b13346-a24f-5314-8356-7110bf34dd4e
DisplayName,Ether,kr,0,2765,2133f8a9-b610-50f5-b983-0e5e7f578282
유창우,0918,kr,0,2792,2c08646c-f03c-5f14-96fa-145361bc3c7d
콰자와자콰꿍콸라콰자콱자블라쟈,외노자,kr,0,2803,2d8ae5b9-4725-5eab-9ff5-fd0c256bee80
whitelk,1225,kr,0,2820,ecd5a89a-76fa-534a-b60b-c5fede0fa2a7
강 아 율,0109,kr,0,2834,02ad98f8-216c-51d7-97d6-12dd2b3537fc
우산없는꼬부기,0803,kr,0,2842,efd64895-1cb5-58a3-8a77-c64950348d98
짱구짓 전문가,재밌당,kr,0,2846,d8d6f387-1df4-5739-a558-0854fbbfc2d8
죽기장인,pr5,kr,0,2849,2a4429e1-f5ff-59fe-a3dc-04a4716199b4
mcn jungho,mcn,kr,0,2874,005e4521-3d21-5cf3-97c6-7116fdd8f4f9
그만할게요,나 이거,kr,0,2995,a1abb513-3f97-5fc3-bbd8-4ae5e53d6071
SK Tino,zZzZ,eu,824,11,a755df42-085a-5b3f-a8b9-031443deb74e
COLORS Neptunee,icy,eu,771,27,b15eb437-3676-52a1-90fc-1f0ae353111e
S2G Kachoww,poo,eu,742,37,644bd383-520b-517b-8d36-83366792c7f9
benyx,ADHD,eu,691,72,2cc1c859-ee4e-5353-8164-d639d99b0dad
Hafti,069,eu,680,87,0db79691-42cf-5968-bf8c-4373e84b68fc
puppy boy,aim,eu,672,92,a280b462-560a-554d-a92d-e2a1b3bc63ee
DeepMans,1422,eu,644,116,4e45e74e-b21d-544f-acf1-e4b6e373d448
İsagi Yoichi,Zago,eu,610,168,b4e0eaf6-5742-5ad2-9d43-818ec5b82acb
rau,00000,eu,606,179,b217f4bb-f7e9-5bf3-aad8-21a85bb43b77
Bashkir,bawka,eu,599,191,894805f2-28ef-5d46-8b4c-018b423fbbec
PCF cNed,carry,eu,573,244,68ade1bc-9dd8-5207-9c7e-c9ebe01b9f76
yui,JULS,eu,570,258,f3708dec-c20a-58a9-b34a-53018df97c38
jusdrein,mafia,eu,556,316,76867d32-506e-5bc5-9d50-f81a4621cbad
hytAIM,1769,eu,554,327,bfc65936-7c2d-5fd1-969f-9ef6188e22ed
GS Zeask,001,eu,545,370,66529230-0d9a-5cf8-a88c-d6841f4c3e62
Santiego,TANK,eu,527,415,0a167af2-6d82-5301-b63f-a2b012d35362
iceworld,404,eu,513,457,42f3fa87-c2a8-58ae-ac15-a3d322c4a0da
kryo,1337,eu,490,516,4a1de6b7-3b76-55be-bc21-afa18a897c29
LabubuAuraRizz67,DukeD,eu,489,519,81d7c6be-93b8-58f5-92df-eec8a7e72ae1
OTK Hassan,Draga,eu,487,524,4449c52a-b49b-5163-80a2-4d1b31ece1fd
amovii,amo,eu,485,539,49efe108-8212-53ba-9277-e63a443482b4
LEO Akira,Akira,eu,474,585,e712ebe4-72c2-5dd3-b00b-4e4947daaf12
demek,Mila,eu,466,613,ee9cb5d5-a884-51ad-bf0f-7bf9938500b5
neyoo le raccoon,hanae,eu,466,615,7b747a5a-a8b6-54bf-8f59-ec58afec22dc
Hayesta,Glory,eu,457,645,c3554ca0-0d62-5b97-997b-e333225b41be
Clin,Becky,eu,457,647,159eeb1e-a381-5293-9ff4-b96866a28c15
GX Anita,dogg,eu,456,651,477dce72-d1fc-58a6-93d8-f36a900136e9
Kuna1,LuvLy,eu,449,690,8097b461-7862-5193-b36f-e6b9d1d67466
Lutox,ups,eu,444,709,5fbeb1bb-7fe3-5360-a313-9d8563ddd9e8
AslaNN,BLGN,eu,441,723,6eceac15-e715-5e4f-b37d-e7d11251e24c
BELYOK,cloud,eu,441,724,73da7fc6-563a-5135-b5ed-769ef546fced
OTK azaziN,haha,eu,440,725,9f9b38c5-4c74-560c-9fd7-5951eef34ff4
KlocarFPS,222,eu,437,751,7542356f-40bd-53d8-a91e-0ff9f396db06
ARGENT〆,420,eu,435,758,492a0a9e-08db-5994-ab76-54962a2d4688
reformed,five,eu,418,828,e65909bd-18ae-5d82-a5ff-4279de837d44
no friends,6479,eu,417,833,9cb75b53-b482-59ff-a2d7-1cf844a20be8
FUT wtex21,2121,eu,414,847,2f999667-bb46-5bbd-95ed-ccb7d1293559
kʍʍ,knj,eu,414,849,4bd30bb8-7174-5714-a514-018c4dc5fce7
私はネレア出身です,2006,eu,412,862,168e71c4-0bb4-587c-ab6e-1d0b747b75e7
AsLanMashadWW,AsLan,eu,406,892,44c6073c-523d-5ae8-80ca-0a2521ee632b
anakin skywalker,3046,eu,401,922,363d6ef2-7b01-5cb5-8a96-3ec317a4a385
rou,rtrnz,eu,400,929,aa2e6e7e-8373-5e03-83c7-bc12f230fce1
Norris Lando,44444,eu,399,940,eca73b2c-d2c6-58a0-b2c5-3d5664bb0020
FUT Slaughter,EXE,eu,386,1009,56ad2170-fa5d-5386-8907-dd757a6eb524
Miyamura,09 12,eu,386,1018,1454bd31-83f4-57eb-ba90-a7342eb30679
mike,00021,eu,372,1085,2b983961-1a1c-5132-9718-2cbc443823c2
24 pard0N,Akame,eu,367,1107,1b9256a8-301e-5b58-8d0d-7c943d6f45f8
Eddie Brock,Tom,eu,364,1133,96ae0f44-f6c6-50f5-a9aa-bf29c834eb29
Pud1nq,alaz,eu,362,1151,9455d70d-c90d-5c81-8b80-d48d1eaf1028
ominousfart,scary,eu,347,1254,320bea97-8fc9-5534-a311-d83c6818f443
Lamaru,2222,eu,347,1255,5bce2ca3-2c10-5566-bd2e-9cb632a688b1
kourj,187,eu,341,1304,ce0987c9-9068-50d0-ae44-3ad5d35afba0
CrimzFPS,007,eu,340,1305,b2774bbd-c224-5f4f-8688-8358bd7e3e91
Exy,00001,eu,339,1314,de52c633-71ee-571c-af33-ac11069174a1
le jack,1111,eu,314,1552,dc9a3a92-5547-5525-890f-7f5f1a316ef0
JampR,4body,eu,313,1557,46808b71-b448-52f6-9fd4-d9422b7f6f6f
Maki Zenin,chris,eu,311,1577,a7e93fb1-2b81-59f2-9a22-96232d40fed4
bunnybiscuit,hai,eu,310,1583,7cf4bfe0-2866-52a3-ac92-ddce75cdd051
Peppa Le Pig,ODIN,eu,310,1589,ac4e2eda-dd86-51f6-8d33-6681bbee91f3
тгк chillingvlr,ттв,eu,309,1599,5a030a0c-db74-53ef-a22c-0b01241d98ad
flow state,vyb,eu,303,1646,8e64ddd4-5561-58f3-867f-45ee45d85e81
noryy,womp,eu,302,1652,8d858393-c97d-5615-ae7c-5d007f946672
ker,2000,eu,299,1693,2b8980eb-d8c4-53b1-bf61-c0fb42688357
skymust,xxl,eu,295,1736,ce56ee8a-f72e-5735-a4e1-adc42a32a607
jotainpuuta 8D,mörkö,eu,290,1787,20c74f53-c00f-5755-a274-57ea925a7687
veronika,dma,eu,288,1803,cc09828f-e350-5e88-b01c-d2c552d54cc5
CrXpTonix 203,Beru,eu,287,1812,c17b2245-6307-5203-aa56-3875e89b8568
inconsosal,s4m,eu,286,1815,a7a66109-c57d-5e98-90ec-59207ddfeb64
ITzMoe,007,eu,275,1938,654559bb-a34c-5c04-8457-fbb203cba006
mira,ork,eu,274,1953,927e8288-02f8-5633-bcc1-19783f60138c
toromi hearts,369,eu,273,1961,66630e1e-6245-59a9-9727-545315191c0e
qqluv,1029,eu,264,2077,a2e1bc51-efed-54d1-96a0-f26c5f76a18e
keroo,1801,eu,262,2105,f570433c-5f25-5ad2-9daf-5d21570e5da6
Drare Molenbeek,1080,eu,261,2115,c9546a69-5e59-5f56-83ab-63407a17ffac
Cokkie,eboy,eu,256,2171,0998879b-6b3e-5671-ab7f-d3235649cd60
Zeni,shiny,eu,253,2211,40480043-9f23-545b-b479-880959377146
Ant,FG9,eu,253,2218,23e56517-411b-5162-b43b-322a6432e22e
Albert,003,eu,249,2264,58d9ffcc-cfc7-5500-8d77-0d8276d0a229
the blade is me,seb,eu,247,2283,2faaaa52-3647-5df3-ba99-10efe798fca8
Happyy,6909,eu,242,2367,b7ba0614-ee85-5239-96f5-9a71644c1803
lenka,77777,eu,241,2375,800d9aeb-78ab-5cb0-8354-41769c9c6204
malenia,s s,eu,240,2379,c97888c6-cc1d-5855-9369-8d69f1eb18d0
Psyduck,TJ00,eu,240,2381,2a01264b-c38c-5043-ac9c-998bfd307284
WON DeLFİN,WON,eu,239,2405,a17e68f9-0826-5dbe-a10a-ec7a9332af4c
womp womp,noen,eu,236,2438,815edb4d-a586-58de-a002-09df897d0019
Enfixz,XOVO,eu,233,2493,900e8e74-7cd0-5e4e-a62d-e59244f4f50f
I WAS A LEGEND,1337,eu,231,2539,1e4b0326-9f7a-5adc-b86b-1c2e139f855d
neon zoomer67,gamer,eu,227,2609,9ab0e4a4-35ab-556c-bd8f-7989de5e3f98
KENDRICK NUNN,PUTSA,eu,226,2623,0986cedf-d1cc-59ca-a804-8d6d64843ef1
HyDrO,161,eu,225,2644,2b3a78b6-34c9-53eb-aa57-c881e5d351d6
sun blue,DemoN,eu,223,2679,728b3658-08c8-5692-9ede-1346edd26711
Vosx,xxx,eu,223,2680,739084ab-e19d-581a-b6fd-17a658ca52fe
why always me,acul,eu,221,2717,52ae46ad-d432-58b8-9d6d-83a8f9acfa9b
Atlas,styx,eu,220,2749,1b9dcd4f-cd6a-592f-acaf-bfd6e67e4a25
AAAAmit,LUCKY,eu,220,2758,aa022fbc-8116-5ec7-a9b5-ec392648d995
VT HzAura,LFT,eu,218,2787,7300470c-e366-5784-899b-b1b3f006d04e
luftyvVLR,Twitt,eu,217,2822,2babeac6-aea5-5e12-87d7-7d1f1d3eb3e7
Ruskof,DO IT,eu,215,2863,6cdf0ad3-c7c9-54a9-b36a-06d8894694a4
Uy Damn,Y4x1n,eu,214,2896,63d10ea1-4f37-512f-ae8d-6c05be258180
not that deep,0000,eu,209,3051,e023530f-d2f5-5c3a-863a-ce6ce8552946
AimLab Free,M8Win,eu,207,3096,ed57b050-e19b-5ad7-a556-da9d1460fc90
xmr,999,eu,207,3099,75d408a0-bf88-567c-8765-39fa6a245561
Marwiss,koko,eu,207,3108,8bc9070a-ee36-5b36-b360-69258a28bd40
webin カイゼン,mibr,eu,206,3136,b09e5b4d-da28-5059-bfc1-296a0586f107
313 protction,aimer,eu,205,3163,7dd883f6-eb13-5106-8075-ee448cc079c0
KaZui,OBT,eu,205,3171,1ae97aba-9333-55db-8a0e-08a71eb8b7b7
Voidd,6jul,eu,205,3188,dfeb1884-a526-542a-a50c-a525177c3e16
lost in toronto,QoR,eu,204,3215,02c8da29-4d46-5c1e-a632-a103ab930885
The Monkey,2008,eu,204,3218,5c5fc1c5-8c70-5ac3-9488-d64412d6befe
mikumeow,leti,eu,203,3237,967c9c7b-3ce3-5bde-abeb-052b53eecbab
pompompompom,oppy,eu,202,3285,0e09d177-929c-5795-b9e2-7a1ea023df2f
pink pony girl,lilly,eu,202,3304,da4df94e-1669-5791-9392-60ccd954a5eb
Sikte,Reed,eu,201,3325,69415779-c0b0-58dc-952a-75884eebb254
Ayn,him,eu,201,3334,45cd5122-27dc-5380-b67a-89acc3f24459
Paladineeh,0000,eu,200,3351,7ca22428-a377-5346-ba36-f1cdf49523b6
DEXTER MORGAN,henry,eu,199,3363,37364553-92da-522d-85f5-af33552c551c
WEMBANYAMA,WEMBY,eu,196,3429,bc391104-dbc8-5464-adbf-469cfd0640e1
volt,strax,eu,194,3470,38d7ffaa-2821-568e-b61a-19169e39c549
Opradyus,B166R,eu,192,3501,61d7fca5-fbd8-5e48-a08b-c04934ad2cb1
mbappe,high,eu,191,3513,f74b68c9-1763-5291-ba80-d5875554cdd3
wailox,carry,eu,189,3568,593c8e86-fdab-5ad0-b3b4-437ff935d51e
ReyZoh,EZZ,eu,187,3609,2c2adeb5-d7cf-5fae-a77d-a9b9f559c105
wetrix,NAVI,eu,186,3623,432f59bf-54b2-55cc-93cf-ec6800475f68
Malek,Q50,eu,181,3714,8a569779-f340-5546-a881-20fdd0176b66
charmer,xtf,eu,180,3724,7e10e45a-88a4-5946-a24a-b540b0cae452
m 1tap,blssd,eu,179,3756,db0f6a60-25e3-59c8-824b-a0666fde1fe9
FREESLXRD,OSU,eu,178,3782,741959a3-59af-51af-91ab-d8f577207930
Tewaynn,tew,eu,177,3806,cf500049-2142-5004-b0c6-50f5f70cf820
kubi242,b0b,eu,173,3877,090746e0-8768-59a4-85a7-d94935b8a2d9
Weasel,ego,eu,173,3878,77b4d1ee-f8ea-5f32-8077-174a2c0a9519
raf,GPT,eu,173,3890,cddc6427-81e4-53d8-a339-e48e1e96f21d
TRMIS,0000,eu,172,3906,e9a06d44-29b7-5371-9854-e50e6f158577
trv,1655,eu,172,3920,8334d3bc-b832-5b5a-8f33-121b71483cd3
six sevennnn,677,eu,171,3948,7c420531-afa0-509e-8e5d-af377c5e9def
Laglos,999,eu,169,3991,045f0d99-b3ec-5ecf-8a45-5645715ac89c
dontpeekhuhcry,jukr,eu,167,4058,4819648f-f694-5cbe-bebd-f10137ec99f7
I VPD REP IF SUS,IBANU,eu,166,4077,6c050417-86c9-5b09-b055-c6548ebe8341
lord of chaos,005,eu,164,4125,38623c78-bb60-50d0-90db-8b00bf6c6c79
WaxWhineRAVN,RAVNN,eu,164,4136,87cc172d-b4f0-5096-ab1d-c28393626856
dyakokong,kong,eu,163,4168,8ef20dac-9d72-5b99-9d7f-1b9db84d3310
debR,0035,eu,162,4179,90b96fae-3708-5d48-899c-830afb096dd3
yosh1aim,ttv,eu,161,4217,e8e0e6c1-2e8a-5f9d-a0e3-58b6c8e627ed
tarhanacorbası,cwrss,eu,159,4272,2f486fa1-49f4-5545-8400-8ceffcd1363a
kec,4431,eu,158,4298,01f13d13-45f6-5ac6-a2a4-3a84bbb0d524
bloody blade,Gabi,eu,157,4339,cba015fa-8004-59c1-a2f7-e4735cbba97d
HighBro,EU1,eu,157,4343,7ea04b64-07c6-52d8-b352-a42e353e9ada
sssss,240hz,eu,157,4350,6b9656d4-3eaa-5ccd-8cc2-158ede5cd6e8
Manga main hero,jess,eu,155,4400,07bb5f5e-1ede-5429-8c6b-391b52c742d4
Snova,god,eu,155,4410,490883f7-1eaf-5c53-b772-3731f71f6199
azerty,1308,eu,152,4508,2532ed27-b65f-5207-87de-b6a91eaccbb9
sus,heh,eu,152,4517,5174733a-66e7-53b6-a935-80e0130e041f
relax1,AEEC,eu,147,4646,df022188-bb57-5b04-bce8-1b78851e8fa4
reacher,deler,eu,146,4695,248673ed-dd35-5a4a-8882-3a9f693f27ab
T1 sora,zed,eu,146,4713,1e59cb86-db92-5306-9e1f-8cae057b041b
harbuz,melon,eu,145,4741,092deae4-0337-51d9-ba8d-6a32f2332cda
Fray,1437,eu,145,4749,6a8ff202-f887-51af-9dd5-386e3040b139
gondi,0302,eu,144,4768,77b37068-2006-55ea-9ab9-bf9dc97ba4c6
艾斯卡诺ovo,0714,eu,144,4786,164a9db7-04c8-5e9f-9397-6f4dfcb54814
Dan,4642,eu,143,4813,b2f303f9-dc14-5d8e-bbbf-378a384ef253
Nines,1010,eu,142,4837,ac09bc1e-3806-5200-8903-b3d9534017e4
Sheezyers,7374,eu,142,4841,9300bfc0-bb78-56c1-91eb-0d81c185da77
Titibolt,2410,eu,142,4864,e7866424-875f-5a5a-abbc-3762f12a6c1b
S1D,SLD,eu,141,4876,c164d48d-d064-52c5-bc84-32e6ec10df91
LgenD,cori,eu,140,4895,c779c735-405f-5303-84ee-1e86e46c20ec
Voïid,hells,eu,140,4908,d951ed96-548c-59b3-b11e-d5630e73d2c1
333k ay non,6767,eu,140,4916,403f2358-7493-52e5-9be4-37159a280913
Arman Tsarukyan,syw,eu,140,4933,811441c5-f7a3-5cb1-8094-37461222c7a3
ktron,boti,eu,139,4944,c6024f2c-d4fe-5580-820b-4a2f3eeaffac
1Rigz,EUW,eu,137,5027,f404a9ed-ac5c-5da0-b2d7-56bb24c45133
ARCHISTRAL,MKA,eu,136,5078,4f33c0c2-d222-55a5-915b-ba75a4dc1cd0
ShaKy,0909,eu,136,5087,50608920-2bad-5b3c-b8e5-4699c5159319
the rated r,haltx,eu,135,5091,0d72df55-e5d9-52a0-86fd-f4f4e09fd953
woo,663,eu,134,5138,507dd731-cea8-5a80-ad00-836ebc8d3fb0
K0LDUN,magic,eu,134,5159,f598cfba-7a28-51fe-b090-56041b4354bf
我以为旅人将我热情都燃尽,66789,eu,133,5199,f6b2b614-6cd9-58e4-9e3b-61975dc4adc9
Ludwig van,leet,eu,132,5240,d255406c-0df6-5604-b2ba-9f0b801c4a9d
ucansinek,sky,eu,131,5257,8537372e-4429-54b1-a8b9-e9e028aa9656
审判斩544维吉尔次元斬,幻影剑,eu,131,5292,c8050b76-fb01-5c06-9d53-4670e38a47bc
wetSed,XXX,eu,131,5293,4d4173ac-f50c-5919-8bc0-6c7eb157e615
ZagRes,2550,eu,130,5330,178e3bc0-67cd-5f8e-97c3-0d9e3ba91afb
lildrama,baka,eu,130,5333,d216e8d3-dc54-5d6c-8492-30cfa5c68417
astaroth,roth,eu,128,5403,5148fe1a-c4d1-55a4-806c-d9bfbb4d6dda
Aim Not Found,aimRZ,eu,128,5410,b6f2427f-4a94-5c6d-97c3-8e8731ea6db2
Kroko Enjoyer,3045,eu,126,5470,3af9aefd-5e93-5f3e-8400-ccbb9b7156a7
LME,1234,eu,123,5597,14fc5413-f6cf-5549-b269-d2e4d552fd13
xzwaszawqe,kiki,eu,123,5609,041757f3-f34a-5f64-8863-b8f90b46e5e4
flear,aim,eu,123,5626,01aadeda-8c56-572b-9c23-7ce075185d57
amiracle,KILL,eu,123,5636,a91de0b3-587b-5b1f-a179-43354b60a529
Václav Černý,1403,eu,122,5692,658cfcf9-dd71-56de-b6d1-92be8f825c20
Dogu,100,eu,121,5708,4ed10fc9-1282-57c9-8cee-72616657e2bb
C03,6988,eu,121,5712,eed31aef-aca9-52ba-8b35-325d693bd8d2
Яна Викторовна,6996,eu,121,5731,741f3425-7200-5a84-947a-010d9e786db6
ZeusOnCocaine,0007,eu,120,5751,dd60a530-988a-5212-ab0a-f1b81cb6743e
Seba,1812,eu,120,5777,f8a0bdbb-f067-55b0-9dcf-65ba5d3f9d61
fluxen7,200,eu,119,5830,3b40d30d-9682-51e2-afc7-1f15f09a12b3
AP Billy,ACE,eu,118,5908,af97efb7-fcb5-585a-9ed2-adf0dfd374a9
Arr0w,999,eu,117,5927,b33894ca-4527-57e7-a257-5d45995f57ce
Fizzyjoe,3740,eu,117,5948,acf4b853-3dc1-57ad-8532-b08c4d65628a
HLDMYHND,171,eu,116,5988,c5302036-28ca-58bf-bfb9-b009be289be3
ASSUrdo,bb1,eu,116,5994,ba80a479-a650-51d7-9c73-074e2f6237b6
Benjamizz,zzz,latam,465,22,65a5d910-3905-570a-8ffc-dc2b4f37e176
Dav1xoo,aqua,latam,445,31,7dc160cb-939a-5ff6-8a71-68d9cbe7e3d4
Eldritch,12yo,latam,421,35,56760979-520f-5120-9ec0-9ce29b376695
r0man,0000,latam,418,37,d580e55f-c672-5212-9c73-29cf1be85ce4
ANDRES CALAMARO,mrcla,latam,389,57,50febb2f-e38c-55c6-8071-3f14ac9f1263
gabzera,16y,latam,388,58,88e06111-54bc-57c9-b0c9-f4cde4f843e0
akuma,300hz,latam,361,77,35f0bdfd-4219-5f0e-8baf-b324e94b700c
FREExAMA9,FERRI,latam,345,88,d89bd618-a48b-5c5a-b67e-dbcac5a2d250
adziN z,ssj,latam,327,106,694e0cee-d660-5355-ba68-a1a5f8d07296
Slowrlx,OBVIA,latam,295,150,c64fc181-8d8d-5691-ae55-6a26ad2cd76f
H2R,2JZ,latam,290,155,388fb672-fc3d-5fcd-b9f7-c2afac8c8e63
mono,csgo,latam,286,160,cb6d2506-3903-584e-934e-bb4b19b9adf5
yhwh,k1ng,latam,272,189,1b5b011f-717a-5c49-b2fa-47631fc3a2bc
stigles,LAS,latam,265,205,d04f731e-7d0a-5a03-acd5-64043dca52ea
ROA,ffff,latam,265,206,f2e09889-8e5a-5f67-bdc9-1b03075f3040
LeonyxYouTube,YTube,latam,261,214,b7fac1aa-0741-5b57-93e7-cd40c937844b
Schweinsteiger,lgd,latam,260,217,7e905a55-1d64-541e-ba62-b70ac61bb118
fliki,3D2Y,latam,254,226,6c0f8331-c640-5f7e-bb91-addc526c7661
Reko,14A,latam,243,255,8c5d6ccd-af1e-54a4-8906-bf7185d0e894
zKmT,666,latam,239,266,6abdd1e1-b04b-5225-b085-18092f17bb65
Sakari,Chloé,latam,239,267,23dc645e-5d71-5e85-a74f-50f2bae79399
MaxLegend2,LAN,latam,233,288,400442dc-639f-5c64-9238-60db14a9b5e7
MAZ DemianZINNN,vyd,latam,225,326,8949493d-10ad-5c77-9d8d-1b4337071678
tatOkhz,romi,latam,224,331,1bd99a08-12cb-53b0-aff6-4e62bcb31ab3
cabra en celo,nezui,latam,221,347,74cbc30d-cee8-5611-a476-45af2cbdd9db
enkachao,66s,latam,219,355,c9ce39f8-4f4a-5e5d-82c6-238d825c9199
canezerra,ARG,latam,219,356,357c9eba-8b5f-5b5a-a70e-502433ea41f4
twenty1,asj,latam,218,359,b68be13a-7fd8-5335-9a26-2792041ada9b
maartem,LASS,latam,216,365,2d49c61a-fad0-597c-b61a-2a4c07407ae1
sadman 666,ridim,latam,212,395,cd0e593a-142b-5e35-80f7-fd118910352a
Haldra,666,latam,205,439,3117b8a4-22ba-5968-87cc-1af4f77c659c
KanTShoot,Clove,latam,204,449,db5a09bc-51c0-5dae-8c7d-34cff07efee7
NFZ,AKIRA,latam,204,457,f2e20ecf-dda4-56ce-8a0e-fd8ae3173f04
NEB,247,latam,203,461,e70df85e-269b-5854-a48d-8ab9adf7d737
Praise The Fool,ruu,latam,200,483,ad7c87a9-49b3-5c7e-a576-c9df8d280db6
DarkziN,lol,latam,199,489,3bd823ba-ca3a-5b92-97ce-dc26cac581ee
LukzBMA,1313,latam,199,490,3893f735-974d-51cf-a53d-8049b2ebe9e4
DEEV,Belén,latam,198,494,40f2537f-8f7b-57de-9d25-232a099a3973
Kendo,JJJJJ,latam,198,495,6c24885b-1dc5-552c-9a01-f423d877e82f
Rama,fps,latam,188,532,013d3aca-54f0-54a2-9b3a-80eaa7de7c7b
km1lo,999,latam,180,562,bd01cd59-3b7e-54a4-b572-09d223431961
Rydeer,9999,latam,173,583,982a6fac-b6c3-59fd-bc4c-671ef7384643
vochooo,teemo,latam,165,615,048cb20b-5785-5005-bfbd-34f31cabdb59
chbzn1,hxh,latam,162,634,fdfe9cc3-b32c-5520-947c-89059c0e62cc
OG apzombie,2549,latam,162,639,4abeaab9-a5ef-5f86-86a4-3da632d0b035
Erfgenaam,Pray,latam,157,665,4d511af8-0397-5ccc-a6d6-680328cb3b64
shidasu,999,latam,157,668,db01c396-cb5d-5cef-b243-ea122fcccbef
Zkud,2025,latam,156,675,a1da5c16-db76-55e3-b0d4-3a2a162ce49f
Zibraim ツ,Brokr,latam,155,685,aac68bb7-47fa-540c-90ae-63b10a6b541b
pina,505,latam,150,724,d00eaecd-fe62-5296-9a4b-3c2e7ea3fceb
UG Asenk,Crina,latam,148,735,323613d7-e1ce-507a-9e37-8def89ca22e6
Rickk,20031,latam,145,751,fefd3e46-1196-566c-911c-6c9e31085a79
YkitsLean,xRD,latam,135,828,3d7e6314-0ff7-50c6-a685-c24d9fe12d1c
Flux,Chiqs,latam,126,887,9d44ddb6-d1d0-595c-a067-224a17b3b6fb
Cnergy,7777,latam,125,891,a7e22bb3-bdfb-5a50-9cd9-0a5615a91bda
chico terry,ezz,latam,124,894,0cff9a4f-e7cf-5874-98f6-5618924c53e9
Skyzer,sora,latam,124,900,dd7d7c91-778e-5300-93e7-c022712b11e7
Charco,zzz,latam,124,901,ebbdfcd5-b3dd-52e9-aecf-aa7563998a81
444,huntr,latam,119,938,a7c20ab1-5a1e-5d10-9d7c-f0f0354f6c15
IG juxxn8,jack,latam,119,939,7171a93f-55e2-5fb5-9a3a-c5c6546c20e9
This is the end,libz3,latam,118,941,bd6b7293-25e0-565e-89d6-59deb7b893d4
Abiˇs Futurxˇ,MAQS,latam,118,946,8e37e136-428b-5ae9-a034-d8c3ed5cb080
LYON Mephisto,demon,latam,116,959,5ea65144-66a4-52ca-abc4-f15dc3d6a022
Chef Curry,Gambi,latam,115,971,15b508eb-7cb2-5a56-b4c3-ac8bd185c23e
Prodigy,lost,latam,115,974,3693433a-11fa-5361-9c97-587e3cf50e03
pettu lover,2295s,latam,115,977,3b686172-5ac3-570a-9c41-6de091dab72d
zeK,LAS1,latam,115,981,59051219-2128-528a-878b-e36ba67bc22e
why me,16yo,latam,114,990,7108cc55-4c62-5509-ab44-94afc7c31823
Buffalo Reformed,CTM,latam,112,1014,7603b9bd-5277-578e-966c-0e4a4977fe19
roku roku,kuro,latam,112,1016,0d1830a8-b69c-5353-b31f-1c94d5cd6226
AST Sinon,TLess,latam,107,1064,6caea98f-f652-5340-b468-1969177410a9
sooyvilla,SANTA,latam,104,1092,934505a3-9ffa-5512-ad67-6b0f20c3d60c
Aram,LAN1,latam,103,1106,087edd37-b12c-5688-90f1-c4f7d9a79baf
xander,9 9 9,latam,102,1121,aa0b6ae9-b3b1-50a8-beba-9cd2ce78adb8
nizera,1998,latam,101,1136,3ae37937-0be0-574b-97ff-9c34a34a36a3
turbo balon,I I I,latam,97,1186,0e1261ef-2fef-572f-9742-47db0a10aa73
floow,GGWP,latam,97,1194,5aab29df-4005-5d85-8f26-186ca2272a96
KRÜ benG,222,latam,95,1211,2fcc70dd-6219-5dcb-b03d-c8c8baefdbf3
zoyyh,frost,latam,95,1217,992c49ae-07d7-596c-9131-f014466b9aca
Mateo ツ,00000,latam,95,1220,447a0641-60df-530f-9840-70589dc886fc
Long,fps,latam,92,1263,c19d067c-05df-5062-9b35-d948b71502b4
ミVapense,ARG,latam,92,1266,f5a6fdae-7e69-5e88-8a65-db4f78e8a173
Tomppp,ppp,latam,90,1292,d7b83d01-dc75-530b-9479-75b041800b07
LACAZUELA,4602,latam,89,1306,ba3624fc-90dc-5f43-9807-ec484606e4e6
Bokiz1N,Perú,latam,88,1309,c4b22cc7-2027-5375-b323-f4d209da398f
Loona,Levi,latam,86,1341,06e49f17-c1b9-5267-a56e-881f872bba2f
h3ll,eva,latam,85,1349,e51bc71e-21f0-5124-b57f-8162a43a7989
Shuba,6969,latam,82,1407,86dcfe51-68aa-57e0-97f5-3991278c1ad3
Lucianois2,Cheat,latam,77,1460,7c2596c5-b9ed-5f62-8327-1446336efa34
Lushikato,LAS,latam,76,1470,68eb555a-8850-596d-9078-005af1dc1d31
Désiré Doué,2025,latam,73,1526,c4ea6f42-ae51-5a78-8895-88e16d807034
EEE NINE,BOEEE,latam,72,1537,d909eceb-ad37-54fb-b9fe-e544945deae1
Maduro,EMBID,latam,70,1579,f140b0a6-466f-5baa-b726-c6dd31e2c7c6
Bossy,6666,latam,68,1618,cf6f41af-fe7e-5d0c-befe-6dad79077e1b
illusiion,666,latam,68,1624,057a73da-34fb-514b-85f0-922c85867607
L1onneR,777,latam,68,1632,6c043c01-5613-5add-ad3f-d77950ced683
leita,0001,latam,67,1641,4241431b-41b4-53d5-a7f2-9201f98cfc7a
JPolaR,1798,latam,67,1643,7038e5be-0bcf-57b3-95ef-0f29674799d1
Sinon,pwned,latam,67,1650,52144e74-a7f9-5904-ac0b-d3e0a25f93c9
Banzai,MISH,latam,66,1653,9bb232e9-ebf6-5d6b-b84a-fa8b442d9d07
Riolez,4444,latam,66,1668,c7d3a8fb-5b38-57be-84e9-3e1788b2d1e2
Hoeless,2311,latam,64,1699,9343f872-bbb8-5ff2-954a-55b8ab38ae0e
Notopp,2912,latam,62,1745,396342e7-2d17-5e53-b855-a0ffe52cf64d
DreckXD,2003,latam,59,1797,45fb6bd5-248d-5933-8d0f-29a6dfc2bec2
PeetaMelano,ktnis,latam,55,1879,fe542027-9bad-56c0-82e5-974450d02b05
i miss her,te7rs,latam,55,1880,67335494-09e8-5e50-99a6-30da77f4b622
te matcha,2117,latam,53,1932,bac00280-3178-5e93-a6c5-7a781c511180
DantInsec,FNC,latam,52,1937,89e67ef2-ed2b-526a-8cd1-d691ed1e6d30
Chilier,Zury,latam,52,1949,46d86799-e552-5906-b541-5322f342a1bf
VBF,MOGER,latam,50,1989,4563d729-6b19-5d2e-9000-9110f9d28286
Isaakix,Flex,latam,50,1994,90216590-e2f3-51cd-b453-3e9a8f76d79a
Papi Diuca,vosai,latam,47,2060,5e5f3dcf-7a9b-574a-af25-85aab513ff14
Limox,dnber,latam,47,2063,e5b777fe-7cab-5787-abeb-17a7bc6b2f7f
choi,isii,latam,46,2081,b9bb43fd-8044-570a-b32f-4fe58c6d2926
xenovhia,kopas,latam,46,2083,3b13aeb7-8f4c-582e-af8b-a0289ea80dd8
Rock Star,2072,latam,46,2091,8e2f93fe-f158-5cf5-9e4c-a89fc38842af
Lokø 26,LAS,latam,46,2098,b9e673b9-d7e5-513f-82b8-2312269e6979
Ythi,2775,latam,45,2133,42787043-b2ac-5a5c-a7c6-c34b15165788
NISANN GTR R34,RUN,latam,41,2232,f3f9fd76-7157-51ed-b910-749304d902f5
UNKNOWN PLAYER,ZZZZZ,latam,40,2254,bdaa9212-caec-596c-bc03-fa5c2d667139
El Papuchin,Ander,latam,40,2268,937b711a-e22c-5cc9-99ee-f0f454385456
miissh,mish,latam,39,2288,f976ec87-6157-53f0-9cfd-dbe9ec8cbe3d
TestigoDeShiloh,liki,latam,39,2289,810a07f4-1757-5a34-8481-48c70ee904b4
SNG,orion,latam,38,2308,4cb6ea6b-37af-502e-a547-b8c54c168883
goat,272,latam,37,2332,f977918a-4303-54bf-8b8d-95bed21fba61
SameWRLD,999,latam,37,2335,3952a41f-4b74-5904-bd07-5d4c41285350
PROMETHEUS,LUFFY,latam,36,2358,d9d600ef-e36b-5ed1-9ef8-93a73410415c
MtRo,0000,latam,36,2363,13fe802d-f798-5d72-ad2d-c5bc263c928e
leonelfi10,2411,latam,34,2446,21b3037b-7e1b-5c6b-a5a8-d79b058c3ba4
REVERSE,AAA,latam,32,2509,a502d889-a987-5f23-a52f-1c08bd9fb0c3
Panch1tO,QLQ,latam,32,2518,685cec30-03a8-5ad0-b962-bca76c0fd5fc
CHEATCODE,EXE,latam,31,2533,b16c1204-4897-540e-9fab-983b12f8b881
TRG,E88,latam,29,2590,9ab6ee41-0227-5593-be08-83719523b4fa
chin0,altF4,latam,28,2626,c82c6af2-47b5-5a46-9471-ef66d59aa8b7
7 Blockzim,scz11,latam,27,2653,06b751eb-733f-5914-86d7-d578824b60c5
ulss,zzzz,latam,27,2663,945f31e0-ca26-5f52-bd74-b7cc6f25e14e
infinitУ,l33t,latam,26,2691,2e0a8deb-50f7-52ce-bd5f-db7bcddaf9e2
TyreseHaliburton,INDI,latam,26,2705,ad26333e-503f-5e25-b59c-a59650683ada
k4it,014,latam,25,2734,b57d9d41-32f3-5b74-bd47-27f7a706adda
Fabrizio04mts,4397,latam,25,2743,e451ac43-9148-53d2-8410-e47f75d6c2d8
vS2K,KBRN,latam,25,2746,0c938805-bde4-56f0-bb09-a40d145d0981
lukaass7,4121,latam,24,2771,e840f648-590e-5c27-9630-484517c269af
dtkatnaa,0610,latam,22,2816,71deb0aa-6606-5c91-9aa8-c5e071bef37c
WexLeR,33333,latam,22,2832,d53cce93-68ae-560a-98fc-8dd3035aaeb1
Willow,snuff,latam,21,2873,78ea5e1a-6752-57b5-a090-0e0197240e84
Droide,3189,latam,20,2897,914dbdca-5f67-5faa-a7fd-c397ab186e04
kaycze,18y,latam,19,2913,f2fafad7-3239-5f18-9af1-8ae18191a260
Kouta,Art,latam,19,2925,dca8bb0e-e8c4-5e65-8716-f735abe45d0a
KZD Shyd,1717,latam,19,2931,72e6b3f5-1138-5d22-91ab-0ea7857fe956
Dani2kツ,D03Mc,latam,19,2946,cd8485b5-acc0-58d8-96ae-d90a8c58d29a
XinTreZ,Chini,latam,18,2952,aa12e77e-b0a9-5827-9104-d685c923410c
Nick,021,latam,18,2956,08e5a558-2eaf-506a-ae1b-3c2533729c8e
is it really you,saint,latam,18,2960,8400d8ed-f140-5035-ba2b-444ba14d4b97
Sincerely,Haru,latam,18,2964,d14c692f-a417-542a-9f9b-c6fa25911bdf
xaan,xxx,latam,18,2965,f51ce1ef-b660-5fd2-a0d7-803b92ba2438
ˉяя,шшш,latam,18,2995,dd1643be-9b18-5f03-9c55-76c3d3dbe774
Lalolanga,1111,latam,18,3014,ac5ec70d-786b-5283-a9d6-d72c23b58ebc
cami,tirri,latam,17,3058,5ec2122a-2fa6-5ae4-8711-a3fa4278caed
Yeseo,LDA,latam,17,3060,b44aa928-7256-5a41-bbbe-e5ce44dfeae8
Perfecto,3940,latam,16,3092,97cf0616-b266-5284-97e9-6bd5a631184b
tinder icon,kso,latam,16,3104,474377eb-b35d-5300-986d-07be356f02f3
velvetkiss,ktty,latam,16,3139,73872b44-80dd-50c6-9445-a24dbaba69fe
ASTA,8115,latam,16,3144,481e96cb-3629-5541-a9a6-e03f84548d33
G2 S A E,5012,latam,16,3150,b4e5a724-55ec-51c6-9c7a-d01601ba332f
Askeladd,BrooW,latam,15,3161,2c0b9a12-2848-5b57-8f12-df4aa674c87e
Blade,naty,latam,15,3174,e3371c30-5369-5829-a9da-ebbb327ba5dc
Na1mer,fps,latam,15,3191,809e91bc-9371-5cad-8990-8612b60198c9
Amazing,GOD,latam,14,3223,8a7031ed-78b1-59a5-b9aa-ca23e2dc8109
OLG RAMITA,421,latam,14,3226,15babd20-f143-51e6-ac03-f1ee0168956a
smurf de radiant,smrf,latam,14,3244,0d2d2f43-343b-5535-a36d-991727523710
MA DIAMANTE,WKT,latam,13,3290,5b7e49cf-0831-5d32-99c7-7ea69eb3c3ab
takezo,tilin,latam,12,3347,6443f633-a9ba-51c9-8bcf-1d580ae70f5c
O Fenômeno,999,latam,12,3349,a34ce70a-8e96-54fa-9533-50ef63af4cd5
iCka,God,latam,11,3388,95f82842-2a4c-560e-b3ad-96aabb73f0ff
FKZ,16y,latam,10,3459,2bea6be9-202f-58ac-ac46-c2ab851e6717
Mar Iguana,0420,latam,10,3464,c497f2ba-8017-5210-ba52-9a75668cbbae
Nettspend,frfrf,latam,10,3478,d978be32-5ace-51c8-9427-166064b76e69
faNo,000,latam,10,3479,91810f3e-3494-5b95-9cd2-54c7f2d39c6d
天才 G,2552,latam,10,3488,9027ff73-bf31-57f0-ba95-d5ebde0e51ac
444go,666,latam,10,3540,2e596370-23ef-5320-87e5-5bd24be09b33
MRTN,MT1N,latam,10,3547,6f9e39f4-a17b-5fa8-9d5a-dc2472228552
Neyd,Zzz,latam,8,3587,34b2cef5-d910-59c6-903d-0a5cbc3cffef
best,1of1,latam,8,3594,b9693db9-42f7-5312-abd0-637390838ebb
LiNLiN,miau,latam,7,3598,6dffa607-b563-5549-922f-6881cd3f7875
Unerth,Yuca,latam,7,3604,33cf10de-e5df-535e-b7c4-180b1be3d43c
Paddy Pimblett,caro,latam,6,3634,bedd32ff-716a-5c02-ba34-5dccbd647801
ZR Minoru,5cm,latam,5,3656,b5d864fe-41d5-513d-8c8f-0acbe7cd7a3f
ZeiiNs,LAS,latam,0,3749,4a4ed25f-8ac1-56d2-aa1e-d94b443823de
Gaga,emi,latam,0,3774,39ed8f33-287b-5d66-a7a6-5595384b748d
ajneb13,papoi,latam,0,3791,caf38c26-3230-51cb-8652-02fc09d75f60
Just Frąn,5538,latam,0,3802,807d0f2b-b296-5576-a394-25a3d6295e97
peruvian lofe,gam,latam,0,3842,3386088e-2708-577c-8ea8-4cdbce2d4cb2
4444444,4312,latam,0,3856,6827ca7a-ba86-58b6-ab13-b4ca59ff01f1
el mas alto,tllst,latam,0,3862,87c76a29-bc2c-5c19-b86e-ddd48d0153a1
puxito02,puxo,latam,0,3873,87f049df-6688-54b6-a7b7-24e55565c3b9
mathi,pep,latam,0,3941,f3dc5296-a980-52e1-b107-fe49358478c2
bnxt,MDFM,latam,0,3984,a72e2728-db5d-5777-96cb-62e64d1ed901
Isi Te Amo,THC,latam,0,3991,00e9e135-8156-5623-93ca-c34d6388bd65
Arthur Leywin,Deus,latam,0,3993,c3d8606e-63f7-5fe7-b627-8cd3abe3f799
neyy,123,latam,0,4000,1f827001-3d2e-55da-9332-2b132e9a053f
ELV landzin,KR1 5,br,725,10,8901e76f-b7c2-536d-a6db-5b8fc0373ddb
FVN chbzn,gkush,br,669,17,487f3cb0-644c-5c4e-a013-0bab8c22a288
TS nevoy,2007,br,666,20,670b8030-31cc-51c8-ba81-c335dd2422b4
italiano gostoso,cria,br,594,38,06afee9c-d5e3-533c-bd34-5993a1065501
ELV falcone,chato,br,503,81,f6824b67-e1e5-5a95-b408-29d6098e5622
tokky,nice,br,501,82,7f26cd1c-5298-5768-88a6-1660ca2235f2
MIBR aztex,2007,br,460,112,4bf4bf44-ca67-5458-b078-ed865ab30f82
PSC fish,XIT,br,436,126,e7577969-e1c9-5deb-a105-d7b8b25fec3a
elevate k,zzz,br,410,154,26934208-3602-5e19-969f-6d47dc5617d6
REMO bnj,ssj,br,392,173,ebf99e98-3035-596e-95ca-d4959acf9d99
rakanelli,025,br,392,174,510cca5d-57a3-5cd0-8389-cb2043786a8d
gczin,2501,br,378,194,2a29bf4b-22bb-50f6-90d1-a76b2d6cdd59
bolacha,3D2Y,br,370,207,b72b5eea-5fef-5f37-8f5a-73e59ec561ee
демон 666,033,br,368,212,31286329-b8c1-58fe-bd39-0cc6bd2fd9b9
kim,EG000,br,365,217,7ad5cffe-4fd9-5c7d-8ce4-7c9276df4b70
YoungL,0000,br,363,226,54e06789-a57c-5767-99e1-241558ebbbdf
REMO rodd,quel,br,357,240,75647eb0-657b-54ea-8242-adad450851ff
ScaaRy,AIM,br,356,247,a3fccab1-6e9c-5b6a-903b-880fc9ff00c4
dgstn,2009,br,347,278,64a913b9-5e40-5ccc-8c11-dd4a1f2e3940
golias,2008,br,334,320,6fe8f8d0-3475-5573-bc33-993de670ee18
inefável,kenji,br,315,350,9ae940e6-467e-5ec4-863a-48dbd16901a0
1440,ttv,br,314,352,0e568e44-7769-5893-bdee-b5817f873d1d
LEV mrtn,gkush,br,305,362,e7d02cb5-98f0-5413-962d-29b93fe1cb29
tecao,p4nc,br,305,363,9d116267-1132-5d99-b054-0722a03a32e2
i am calamity,kian,br,303,368,87f56e42-62c7-5f7e-a9b5-736c8e164363
JesusEnjoyer,GRACE,br,302,372,3cbf8a6d-f65c-5e24-b6c8-b52ab579cd55
csl,2001,br,297,384,6a9c5834-76e3-5aca-998b-ab4cb9422260
44 naio,amém,br,265,460,6b20ee11-b51c-510c-ae57-369b413504b8
toolqi 1701,GABI,br,248,514,72618951-f432-5c78-ad87-8c3f2d686f1d
Nash,Mzvl,br,242,537,c81d2766-572f-5002-802b-494eeac792b9
SHINE cyeza,bella,br,238,554,972d64fc-c15c-565a-8d88-9da53ff7ffd4
Rainbow Dash,VDP,br,233,580,376474f7-9401-5c5c-b2de-95291327c0f1
pain,bni,br,232,584,31a5bd1f-1eb9-5639-9643-41e26f86123b
No one noticed,meeee,br,232,585,245b9b0a-232d-5a1a-b1e4-42a0a09e3a7c
lucille,cod,br,212,646,9dd30d8f-d1c6-5512-bc54-973b699f523b
macizin,XXX,br,210,653,8b5cd36a-482b-54da-bd3c-36cb6f340efa
mäthS,HeaD,br,210,657,9cb5b38f-7a81-56fc-8e50-29edb75474e8
ozelo,2009,br,208,667,18ec09be-4409-5b3f-9928-652e6fc07181
iwbo0tg,sy6ih,br,204,681,fff3d1be-64ae-58e4-a64e-cbf81b60e700
evid9nt,999,br,201,702,0350470a-9547-51c3-8e28-d9376b472997
furq construções,obra,br,200,704,1e64b56f-3758-55fd-ba31-51191c984a88
zelador do senai,pablo,br,200,707,f4ba60e7-eda9-5515-a6b4-79fa5358c51a
Kramervlr,ttv,br,188,759,38d60c74-65b7-537d-8d90-4a3f04bf937a
poneymaldito,6122,br,181,794,95c246e2-ff15-5a60-bbfa-ff55613c1325
twee,zzz,br,180,800,21205c97-393e-591f-965f-952d324dfbcc
Tea,arq,br,163,900,39da1a59-e1f6-5b57-8d0d-29afbe172648
yumiissz17,arlfy,br,159,922,95201766-a5e7-51f4-9f17-57e9ea8148e7
Amor Fati,240hz,br,158,931,f6bf7ae5-08bb-5d67-b58d-dfeb99208f93
Relentless,MMV,br,156,946,aa7abc71-f5a3-5262-b3c2-d9ffa81795c8
sexy7,luana,br,156,951,4b7ee9df-8b07-5999-a8ba-becfece9a515
ckaioxz,12312,br,149,1004,18f45b04-2ea2-5b5c-af7c-b82c8c6c4ea5
Nix,kng,br,147,1022,9f691cbd-807d-5732-8319-72005240c0f5
seeyuh,2005p,br,146,1027,d9ba0d8d-e97d-5e46-ad4f-2322cd931371
Cesar do Golf,570HP,br,144,1052,af17ce35-0e66-526a-87d0-38d0c641a55a
kodak,yyy,br,142,1073,7dd8e651-7308-5bbb-87ab-3ac6e517f33c
v o v s,LENDA,br,138,1115,ae769b2a-6f64-5315-a9e0-079a80e58907
quero injustiça,hzn,br,131,1189,9359500f-bb12-5453-a459-d4cf667dca7e
Flabigu,bigu,br,127,1226,0f5eb64e-3899-577c-8e68-81b240945921
o coisa ruim,fumõ,br,127,1231,1241980e-58e2-560a-aefa-36acbedda894
Mcripx,0001,br,126,1238,728b1b78-518e-52b5-a9ed-99a536a78971
Little,セージ,br,124,1261,a166902e-f48f-5269-86ac-be2e84180d0b
zot,zoti,br,118,1329,6753150d-75cf-5ad0-9248-5b04fc56629b
Jaw,naja,br,117,1346,93af79f7-fc08-5af6-a536-9953f4d8fef2
rozca,arlfy,br,112,1413,29d5c898-aa58-562c-94d3-ae35d39a1e09
aimcolor,kau,br,112,1416,70ec036d-7024-5f4d-b9e1-eedf2960d764
sou eu real msm,ntc,br,108,1474,efdefadb-5c99-50da-8390-db93d9c612af
supra tunado,moca,br,107,1487,464fc57c-883a-53a8-a272-6d1a8491a5cf
Nihil,paris,br,107,1496,68f3d297-77ad-5955-84fb-bedd79e09998
felipe da manu,teamo,br,104,1545,a07b0b2f-d7c9-5110-af43-8fe1191c6ec7
Smkjひ,444,br,103,1551,5d2f7582-c41a-524f-970c-258960fb77e4
il Tata,武士道,br,102,1576,589b9b9e-2167-59f8-b940-b119c0208718
JãozinDark,0408,br,98,1655,71b4cd8c-515c-5ccc-8ff0-15903b862201
sasaki,4299,br,93,1714,1c2463ec-5891-5d43-b3c8-ffcd3cfed657
velhinhobolsoboi,007,br,93,1721,5f92f136-d618-522e-b1aa-6ac38f5dda44
fashion killa,swag,br,91,1742,0830f7e8-344f-5541-9d2e-e254f76ad712
decoy,aim,br,91,1750,e60918e5-6def-57f6-9cb5-237b6a914cd6
lugia,loti,br,81,1877,d4a768d6-b7e5-5231-80ca-937ec9530dc6
suhn,光栄です,br,80,1892,9b28a87d-6bf4-5f16-84e0-09b83911d082
Davi601,br1,br,80,1899,0caeb64e-0c2e-562f-a0b6-ea5ce8d6d83e
topxiter,zzz,br,79,1911,2ebfcaa5-b0d2-5628-852a-1c936d28df49
baeta,kurta,br,79,1914,0893e335-6686-50fc-8fed-883e276b971e
vetin,2014,br,79,1920,35c8f93a-83c1-59e7-bb7f-f93ec0f6b74a
zin,pogue,br,78,1923,43793214-3fe1-5632-8a5f-ae904aff83f1
LordPony Fofinho,YouTb,br,78,1928,eb8771b4-376c-5b5d-bbbb-b2f6e044f103
back77,1895,br,78,1934,b4e6a48c-a2c7-5721-ad6f-7a1009f24401
tuzzi,tuti,br,75,1971,4560bde1-b747-50a7-9d43-9a54fe44ab05
福 Ph ツ,1990,br,74,2005,e211f180-4d4c-5d35-bc05-66c24a856987
matt,xita,br,74,2007,42a60d8a-0013-5743-90b5-9cf15410d4e4
RMzie,Br2,br,73,2028,0800eec3-a847-5149-8720-8dcb9575f764
vulgo glz,6969,br,72,2038,8ebe69cd-3f2d-5b08-965c-d282cec61ba5
Zé dos cavalos,MELÃO,br,70,2060,c62d4e97-aacc-50fd-9086-d9d8718c430e
LEV yuna,fzt,br,70,2067,1284a8b1-4ac2-53ba-8275-069b1ef14a5c
valky,8430,br,69,2111,7b13a093-ab92-5b96-910c-940f50fcc216
smoke,mxndy,br,64,2192,a5e7193f-7a3f-5184-afc9-5f0cc3335662
nsj,br2,br,61,2259,975b76f6-0e41-5669-a7ba-c6f622df7136
f0rget,gui,br,60,2287,1b63850a-bc45-5cf0-acac-df0a6b9de2a0
xicotapa,chico,br,59,2303,ba4384d1-694c-5a7c-ab1a-42bd89051230
complex,FNB99,br,58,2322,01ff36ed-e146-5149-b72e-cf746cc04baf
pHz,JS1,br,58,2329,298cca5e-b6f4-5964-aec2-bbe53cfe7645
ktz malado,aqua7,br,57,2344,6d634a96-54be-5f77-b20f-3202a160f5f3
懶得講,zzz,br,55,2384,03b4c7b3-1800-5765-89c2-d722eb28b98e
Hashira,085,br,55,2402,1b80221b-3259-5a7a-9b02-342e02503a1c
LIPEWOWZK1,ttv,br,52,2463,67fd4556-9a89-573e-9a68-8a5f2480d816
Levyy,031,br,49,2557,1c6685ef-69fb-5f1d-a654-616addc26611
i miss her,T ω T,br,49,2558,bc145e20-1b1e-5998-b3f0-0ae31319e05e
netoinho7,nnnnn,br,48,2602,6bb1bf62-a955-5fc5-ba52-8754f9ba6c71
MEM Cho,アイドル,br,47,2618,fa3a9e4d-fea1-5170-9905-59bcfc24db88
Empty Exhausted,John,br,46,2633,350503fa-21e1-5a69-9982-ba3b474a0dcf
PANTI Y COLALE,1111,br,45,2678,e9e22fe9-298c-5ea1-ad3a-5a6834d6bca5
southbound,1TM,br,44,2689,ada0a459-9303-583e-b8e1-e207e7ac2230
hugoox no mercy,1910,br,44,2705,80a86f71-9290-5ee2-bbd4-ac39aa2e98a5
kenshi,satan,br,43,2723,1c5fa4c4-94ed-5558-9082-0e903dd279c0
Akai,19y,br,43,2733,c65852b3-c753-50ea-af84-32a77ec03f5f
Sterben,3724,br,41,2807,80e942b2-3b7f-5cf5-abf6-09ad58808574
Ktz1nz,000,br,40,2812,32e593c2-94a6-5689-80af-057f88dbe34f
xael,zin,br,40,2833,78488ddd-a718-514f-8338-fe3a66d43a57
Karma,STTR,br,40,2841,a5b997ed-afc6-529e-a8eb-6be11745dd6c
exclbr,000,br,39,2855,0853b538-a59e-5f97-9703-66ae465d8294
shakez1,021,br,38,2890,7b08d876-765b-5ba7-b58e-3aa0dd1cc1b4
inteligenAiaarti,666,br,37,2911,7bdfbc25-ad28-587d-8f5c-faadc9cdd188
Quis ut Deus,70x7,br,37,2918,92d7d025-fb48-5328-af48-372f7f03dac5
I miss you,jess,br,37,2928,5bf8badf-60e8-530e-a6c6-372b9db11f7c
Hare Krishna,Jayar,br,36,2949,044088b3-1014-5818-a60c-6c1325e007d0
Guffo,YmhR1,br,36,2971,02715af4-6c79-5322-9812-914569b4378d
frostz,aim,br,36,2975,ba43e11a-6a28-50b7-bed6-fe3e0328d26e
Car4i PDiddy,dddd,br,35,2994,9a218c04-3db4-50f9-a1eb-cc30e799cee5
CS È MELHOR,BALA,br,34,3033,ac59182e-11e1-5f44-8bce-d20d95d8c208
pspsps vem cá,bino,br,34,3040,098ada7d-8c48-53cc-bbd8-b877cab9b5ab
aizenboss,ttv,br,33,3071,95996835-3c0e-5c47-98a1-18cb994a589b
NEEETOX,vkk,br,33,3073,aa11c14a-2789-517e-b417-012d16d9ddbb
Oyocop,OPOCO,br,32,3104,0895ce64-2cec-58df-9b4d-57e95860258f
lzn,tired,br,32,3111,51a2cac9-19e8-5e52-85d2-f45cbc61fcd7
cyborg swagboy,りびあ,br,32,3113,390cc18d-146d-5937-85f9-067b54bb46aa
LEV Hífen Oculto,100,br,31,3166,a591f77c-39cb-5010-917b-d610a566da17
niight,off,br,29,3213,88c92a27-c420-5cd1-8dbb-ee64f3a97383
MRK,MAO,br,29,3231,037f3106-a8c8-58d7-aa1b-9897f42b1f10
BRUXOOO,XXIII,br,28,3270,675cc21a-9f2f-5fd5-b52d-125f9d944a66
Gz11,001,br,25,3380,9796241e-ab39-5029-b23a-021e341fbd3a
starboy,NERAK,br,24,3411,e5803357-6958-5cf7-afbf-ef119f6a0217
fillip1n,bigod,br,23,3417,42a6913c-dba4-5b8e-9fe8-d6f72c48b091
fontenele,0777,br,23,3439,de0c0659-246a-5c2a-88db-3952ed7e1915
Somente Fael,8418,br,21,3501,0e6f16de-e76b-50d1-bbd2-6b0f92d449ee
zen,gLm,br,19,3540,c9e6d4f1-9f60-5c32-8f8c-f292272c4d1a
luskauraskibid,skibi,br,19,3574,57e7cf4d-6743-58ff-a045-638bfe8c34a2
DK Ryuzak,kemy,br,18,3589,ea734264-e259-5f0d-ab9c-2414c71beeb4
ichiro miyata,icez,br,18,3591,74ed8919-b0d5-58a2-879e-6542b75b4d48
mor3Na,rafa,br,18,3619,471b13ee-b5a3-5eb4-9bfa-163cc9d03280
v1ttaozera,v1tao,br,18,3625,6125c8f7-318f-52df-8f1d-a60fe89df7df
Maayk,maayk,br,17,3648,a4242fa7-6117-52a5-87c4-a6dd7abbd72d
Robinho 7,robh,br,17,3678,3d920c09-8a03-5e62-827a-ae78c584d384
cheaterAim,666,br,16,3721,524eced3-8326-56f2-b294-c9f19f8d6428
clt,6276,br,16,3772,6658465b-a38d-5d47-a054-fb20a98cbc31
Audace,067,br,16,3774,686688a3-b70c-580b-89d8-e24e2677cea1
hgrzin7,angel,br,16,3782,e5508d0e-fcf9-50ff-a9cf-1e5c033c568b
slim shady,0510,br,15,3790,f2292af9-631f-5256-8d93-14f349b245fd
sans coeur,kiki,br,15,3824,435b3c7a-773e-588f-96c0-d129552eda5e
Kau,1701,br,15,3826,8a30f32f-3baf-5ed8-a25e-5ffc8fbdbd4b
zombiebeatz2000,goth,br,14,3868,c55c689e-b99d-5730-94a1-b2e69f6836e4
2fast4youreyes,garu,br,14,3887,a013cdbd-789e-579e-aed0-f18b1543e5e8
Voyager,2684,br,14,3903,1f914402-e55a-563f-81ed-09919b0d5139
Hax,mibr,br,14,3909,63667dbb-68ca-5aa3-b494-78eca2eb897a
ptv,pig,br,13,3935,cdcdb2f7-1939-556d-9503-96110581c4b5
misterioso,shh,br,13,3939,c46fa4e3-14cd-5885-b680-fe600e03a596
quê outa,fino,br,12,3962,ea37145b-a9af-5de7-bf0c-f3d5d8c47897
menor neurose,prn,br,12,3974,39dd4f24-9754-5cf1-9102-62b73628e2b0
Twtv BigLu,Twtv,br,11,4008,24021d64-eb23-53d0-a63b-4e57fd2e7854
I returned,ryan,br,11,4026,2e75dddd-568c-501b-86b3-1c31f308269b
No aim,shots,br,11,4034,b07464c3-09aa-52a9-9510-ceb5744c2332
vn1,2310,br,10,4045,b644e85e-042e-5bd5-b4d3-f55082b0f322
dosantos999,00001,br,10,4087,7ea76a42-4c34-5346-bb76-67ee8e4c939c
trickst9r,xyz,br,10,4109,62bae0f9-4bf1-50de-8893-d5999e40e202
Logic,shama,br,10,4137,2086cec0-680f-5747-98c1-2efbc695f8cf
aLss APOSENTADO,VELHO,br,10,4141,2cf2172d-b852-59bd-8e49-3765220eb90d
money,lari,br,10,4148,a620cc7b-acd2-52e6-aa60-bc3c6f2f3a05
leptosquebrose,ariel,br,10,4177,616f2274-2a0c-5da1-bd53-ccf801e5c83d
iltwbfu,lia,br,7,4246,71ff1c2d-d2b0-54d4-97b9-63a4ecea4066
kanye west,2709,br,5,4293,584628a7-39a4-52eb-88e1-d5bf433628a8
Agente Ressler,2007,br,4,4323,00262456-502f-56cf-bca1-d1088948bc39
Hookinha,star,br,3,4334,93a1f93f-dd57-522a-b34d-a952242bf05e
BeastB0y,TTGO,br,2,4366,7641b1ec-d352-560c-a3fa-4ec83a656f1e
yicaro,rize,br,1,4399,89690e9a-0e47-50f0-ae52-7d402edf86fe
nyxfps,16y,br,0,4444,d5c989b2-2ee9-5477-aa97-8703fe6ed0c9
mel,lov1,br,0,4445,4cbf868b-01ba-53a3-86e8-aea745295732
CVN,DALE,br,0,4453,dcc79b8f-8739-59ab-ab59-f5e778ef7f2b
200,BUCK,br,0,4465,f86d245c-ecaf-5e51-9750-0268fa9f6874
λZλKI 死,JENNY,br,0,4478,b8276b9b-2745-5824-93c9-f2398604b5ea
Jayus,creep,br,0,4481,5389719e-2f89-56f7-8b72-7c1f0d0ab5b1
fox final,boss,br,0,4484,52763831-e3a0-5b8a-99df-3e00f6113849
Castiel,FRENT,br,0,4525,5975df13-8c1b-5449-af85-7a61e2017dc6
tingus pingus,pbjr,br,0,4566,e44103cd-8257-5701-884b-7487ce100519
Ogum ψ,axé,br,0,4570,569c6a7c-8526-5839-883b-08a49cae0ca9
DEDEPROKAS,dela,br,0,4613,1cacf532-9aea-5b34-aabe-a076a45dbb9c
killua,starz,br,0,4635,8576ffde-b855-5284-a39f-6946140c80fa
vxtinJESUS,SCCP,br,0,4642,95d73256-77d6-50c6-9cb9-a3ce36b5386c
xitadinho,011,br,0,4654,6b1bd908-dd40-53d9-a43b-f171cdb4041c
ilyvik,vivi,br,0,4828,025f456e-3b16-574f-beac-bd27c92fc9a2
fd6mon,666,br,0,4845,6b0fd6fe-ebf6-5b65-9e25-c383432e0298
mizhan,shin,br,0,4870,20740f1a-8cb3-5f53-ae35-a4603370dee3
gTr,facil,br,0,4959,c0567280-b5a9-5a72-a333-2596ce7a5cbd
JuniorG09,ttv,br,0,4976,0e0b611f-1b34-587e-a746-ce1d5e0453ee
DK SmokeKing,asd,ap,853,10,1c0ea951-7887-59ab-9a8b-1e480ea1769b
grumble,1111,ap,767,25,13727f06-0106-5460-9791-2661dc61ac8c
KHReign,念念神,ap,757,28,a2b373a4-0070-5b8a-af6f-a0653de63f7f
b00nnnnn,grind,ap,746,32,e133eeb9-4e51-5a7c-983b-6b70e6daf838
抖音Ruthlessness,1012,ap,741,36,6199bbeb-5da4-5b20-b7c6-61dbd72c77a2
FANCY twilight,zzzz,ap,691,65,6e31103c-f449-5597-9bf4-18e8ace6e33f
broskii,mood,ap,677,74,d08157d7-4aef-57c5-9741-a39709264774
BEØM,0702,ap,665,84,bb47e246-60b3-5f6a-a97c-0612d290858e
T1 BuZz,5555,ap,640,109,2feab5c1-ad3e-5d47-aec3-1d725212f18c
ZesBeeW,666,ap,611,150,054941b0-9160-5df8-a299-9b3aa1acdbff
AAA基础设施陈总,33183,ap,600,175,91ee6410-92f7-5fb5-8cd8-8aeb9283a97c
VARREL Klaus,1337,ap,577,204,ae8ed9d4-19cb-53bd-aab4-f4a5ece7447c
Summer,mnr,ap,564,231,275dc1c5-dfac-596c-ade5-ec1784a345d1
GS9,wink,ap,548,267,44dbf86e-0f26-5f29-84bd-edb5e915a3dc
OG 16Chops,2005,ap,543,279,37473639-44a1-554d-89c7-524abd3cf033
AQ FFs,1111,ap,536,293,91e08237-01b3-5756-a9c1-cae301772232
RIGX BXXXNXX,xxx,ap,518,349,d495061a-c75e-5c1f-a863-54e89421381e
Selfmade,clid,ap,517,350,383c20cd-280e-5778-a3b6-64228158b73d
rinrin,22222,ap,513,375,dc172ebd-655c-5f76-a456-2865e037a63c
kkoruna who,ccccc,ap,505,415,a323ef43-7f9c-5614-864a-78ebfe9a1d62
サダイジン,0011,ap,505,419,6fb6d9f3-0473-5765-a6d3-341edac438c5
INS MeatPieN,ZZZ,ap,499,439,2ea75f8b-8a0e-537d-9eb0-c57dabe834ce
ZuoKew王者,Lita,ap,491,486,ef585376-dd03-5765-9f42-1036b7db894f
Monday,Mon,ap,459,570,d4fa3db7-6aec-51a0-9d51-536618a769a4
trn d,array,ap,456,580,c9621cec-cf0a-54a0-8a58-4009509d0bf2
peterpan,535,ap,453,591,d3c2a9ff-487c-5abe-a53f-202d7c919e0c
T1 PeachCan,0616,ap,441,629,b512c538-ba12-5782-92c1-e14991187ea4
Midro乃eＸe,ttttt,ap,439,634,3722b0cb-b043-59c8-a392-297a2a8ac0ce
Cocosanity,0000,ap,439,635,0b1e0158-895a-5fbf-8ce8-43cf77537dca
Nth R4bbit,apex,ap,438,640,77f4afe2-a9b8-581b-a2dd-b5189795b3a3
LFT jinju,珍 珠,ap,437,647,0c252d47-4605-56ca-bb4c-70582978122d
imnotningning,유광희,ap,413,746,3cf5fe73-3c83-5c1d-ad01-0165f9524162
I like me better,2008,ap,408,766,06be4780-c2a9-5013-b242-482f5708287c
theDoctorr,0000,ap,401,820,2e391b6a-4ed2-53f1-9763-97c701f687fa
7C NDG,GLHF,ap,397,846,4f63176b-7280-59af-88da-343ac2f24679
Nezloe,준우 7,ap,393,867,f2c26d08-3329-5617-b22b-252add99b961
重音テト fanboy,焼麺麭wp,ap,380,952,7a476779-fbc7-5949-bb41-a6d30a6ea1f5
PXP ROBBIE,UEZ,ap,375,976,6375526e-28b1-5bbd-a45c-76cc1ba4e368
OG deecee,moe,ap,374,986,bf4e8c68-67b5-51c0-b713-117213fa123f
pree,11111,ap,368,1011,cb1fb996-f9c4-5c55-a06f-2aaabc7af919
fkwj65,first,ap,366,1018,2cac9e90-ab0e-59c6-a6d3-c8d380d7c03e
afwafawfwa131,1234,ap,364,1028,0afd25c1-60f3-5583-912f-4afbf21a45b1
slash,KingS,ap,360,1044,f9e3f3ea-5aa6-5229-a15f-d5cd547af3a3
Shankusu,haki1,ap,360,1047,9362911c-a391-5d0c-b529-26041a8b877e
Alium,xxx,ap,357,1064,8bc0560c-b6b9-53a3-b8bb-ea82a6af9573
VL SHiBuYA,VLWIN,ap,344,1148,52de8208-4947-5eda-a6ed-5d62fced4bb3
不负骤雨,00000,ap,340,1174,640f557f-f150-5681-9efb-41f2cc391574
世上最忧郁的人,0412,ap,335,1201,1050337b-83b1-5d15-b032-d5675857031e
pzy,hvn,ap,330,1239,71a05a4d-b3e4-5fd5-9391-cf05c7fc7aa0
ロリ同人,田舎中学生,ap,325,1269,5e8265a4-7310-5113-8f02-524d82860188
Taro,Catie,ap,324,1277,b3a365df-9a84-59d7-95eb-4d5c83cccc8e
FendeR,Beni,ap,324,1279,640a654b-7055-5a78-be7f-813dd648700c
神獣Kyeju,0823,ap,323,1281,58290af1-e6d9-57a3-9125-b1fa72db8f70
DLSU tomix,666,ap,322,1291,e765c281-180f-550e-982b-91dfcc5b9d88
리코가좀섹시하긴하지곤란하네,하이용사,ap,321,1299,6258b219-5ed8-5711-b775-53e278a43be8
Merlindz,mers,ap,317,1340,00c644c4-2a93-5dd8-9607-9235d28a5c85
Drop,marcy,ap,315,1352,ca4f6373-8476-588f-9dd0-cc09a5b86b92
Little Giant,kauãz,ap,307,1434,77f1b2b9-597b-5b98-90e8-b71260cea8fb
NandingEscalante,9554,ap,305,1446,b7ccace6-fb43-5b32-bfce-607cf58c597a
JSTR berries,jam,ap,300,1494,da2b6aeb-b3ad-5783-8451-041ef27933de
偽善の世界,Love,ap,281,1640,d7b6d64f-80e9-520c-bf26-f60aa6e03b7b
akihiro,0224,ap,276,1714,f6220c7e-5d33-5925-bf37-2d3181be123d
ぴっちょ,0347,ap,264,1838,4997f419-c2db-52bd-9759-8d37043735f3
李嘉图,腚眼聋,ap,259,1895,270896bf-86d5-50e7-bb92-b3a398e996f2
つかさくん,放課後少年,ap,259,1896,71393291-c8cc-51a5-8b0a-19b42cfade0a
Xiangシ,1314,ap,257,1923,90bb4c3b-4ecb-530a-aa0a-08a3cf26066f
Focus on me,srCL,ap,255,1948,13df4388-9a1a-5f4e-998f-0c464ef3d7bb
NiceHacks,000,ap,254,1971,a21f3043-f115-542f-9cfd-53dd9668a9aa
Kimi ANTONELLI,W16 E,ap,250,2021,b561b932-303b-546c-b2bb-bb71f945bcfe
dimitri k,mdm4,ap,249,2050,6635448a-8e41-5430-beaf-f1376d581e4a
Laevatain,zhj,ap,247,2067,5b4bdb80-4139-5ca7-9e73-7bd0845a0291
JaLermK07,0702,ap,242,2133,55627638-8b35-550e-8564-7e9cd7b34b21
зенит ﾒ,333,ap,241,2146,76434cd8-fca4-57df-a594-0d94831f3aa0
eating,6767,ap,239,2164,d5b6d61d-bcd3-5941-94ed-da208b1052d1
lvr,300,ap,237,2191,d1a18168-0981-526e-ae93-01672f0bf5cf
Dazindahouse,2810,ap,237,2199,1d3f1f41-698b-560b-b350-a8fc1b8172bf
Wave,Jx2,ap,232,2252,ee94e096-c4a7-5b85-8f64-c52847f28774
Calypso,ppp,ap,232,2258,dd3f18a9-06c3-5849-ad35-10bf306a3271
BARO SHOEI,브로스키,ap,231,2269,1f59f0f7-5b0b-549b-b9ff-9f20a55c67f0
t1nkerxD,画眉丸丸丸,ap,226,2315,52dcdd4a-8695-52bf-a7ac-3d2359028a0f
PRX Someday,999,ap,225,2351,40ed149d-f50f-5872-b29c-bdb20120260c
DEATH NOTE,nocap,ap,222,2381,b830aefe-954f-5438-96df-8078c774f2c1
K1tD,2808,ap,216,2483,c7835e08-08a6-5cf2-bdc3-01d574e04899
Yozera,risa1,ap,213,2541,d3c2dfbd-78da-56c2-bcd8-547a11c18829
Gojo,neji,ap,212,2557,e8466573-4167-5a9c-a3c8-8d1b07b0af06
Juggy,Mouse,ap,212,2565,5c576b44-4ff1-5826-85b2-1b9c7f3dc502
precisegunplayer,ICN,ap,209,2640,d4412d77-a5f7-5ff1-800b-997992705323
POPA TERMI,HCH,ap,209,2645,a6e8e2fe-c74f-5c12-965e-616b0fe8b961
MigssOnYoutube,Migss,ap,208,2678,a782b991-cc91-53d5-9068-4b30ba5e3622
swag,x   x,ap,206,2731,4608fd62-9426-5cd8-b367-460e158e169d
AIMБАТАРЕЯ,我很冷,ap,206,2742,c194511a-ba7b-55b8-a3c4-709ca684e604
squirtl,111,ap,204,2797,a52f92be-358e-5bf4-a9ee-5dae44a11d79
Rice Shower,Elna,ap,204,2800,22bcd930-040f-5c30-91b9-16f69ed68db2
CURSEviL,od09,ap,203,2836,0bffb2db-8bbb-5325-b5fc-150d068ceb60
CORTISOL SPIKER,RICQI,ap,201,2892,5c62e286-4d9b-52e4-b680-c5cd15f6c12a
魏志轩轩轩轩轩轩轩轩轩轩轩轩轩轩,2007,ap,200,2902,332e503e-55ff-5643-ab01-291537b0cfb9
无脑开枪,小狗小狗,ap,199,2929,6023f144-6c63-54a9-82d4-b52624c70d85
itwasntmeitwas,kaza,ap,199,2933,8fbe6a26-bc0f-5052-b754-2aba08ee42ae
tomatv225,5702,ap,199,2939,f79f076e-b16f-5f8d-974a-d744d8fabec5
Pat,vell詩,ap,199,2940,0f93e205-cde3-5088-a78a-ad2c60d22ae2
足の裏が板です,6767,ap,194,3013,78edc673-e246-5ca8-a392-ded74f5cc737
SUSHIBIGEATER,もぐじん,ap,191,3061,a339ebf1-a8e5-59fd-9a77-b83bd82fa6cc
jiwoo from nmixx,sss,ap,189,3092,5df24aa1-e022-5e29-854e-d7d3940b6cf3
Xer0,XXX,ap,187,3124,2ce74791-896a-53e7-8ba3-86ff045944af
gyenWoo,0110,ap,186,3144,6cc1c322-185e-5b8b-9321-b619f102321d
ENEV,GOAT,ap,185,3161,7f0d7a01-bba7-5f4e-85a4-461c2b97302d
SIGMA BOY,seima,ap,182,3210,3bf648ce-863f-5c4e-bf49-1fd955690295
Mitsuha三葉,121,ap,181,3227,a9a678d4-3da4-5a16-a71f-8cb36586625e
Avoidant,C21,ap,179,3275,d65dad97-e9d6-5389-aa09-3b6e3f6d8c41
HOME,HAMAC,ap,177,3313,336ddee6-b25d-564e-abac-f7c81d83e115
pororo,peng,ap,174,3388,48690764-022f-5445-9165-2bfaad463f23
アナﾉﾚ,あぬす,ap,174,3392,bdf4757d-978c-5b3d-a6f6-634a823df51e
محمد,ابوك,ap,173,3400,ca3028fd-038c-5017-b0dd-3dd4a03c4cda
SGG Bo2k4,1709,ap,172,3429,401949ae-bbb7-5b0f-a7e8-024d2d54bdbb
TMTK,1477,ap,171,3468,535d7390-9ef8-5ccc-9ba1-06e57de857ac
nanashi,0430,ap,170,3474,07b75077-332a-5481-a250-5d3e3fdf8b5b
PATA  THE NOVAゆ機,無伝説建設,ap,170,3498,cd70e595-21aa-5451-b42e-2b4db27c8486
てって,4422,ap,169,3529,2b36323f-c237-5cd6-94e3-a604987d8f08
ともゆき,2004,ap,168,3557,1f675ce6-a722-5146-ac75-fb36f5293f68
emo princess,1111,ap,167,3581,3fb38e28-7182-5a91-877e-a2c2739a5839
pawka,ixo,ap,166,3585,a5b5ad4b-ede1-5eb5-8d33-f5de6f068f7a
FUR SWIFTLOVER,eeiu,ap,165,3611,9bd2b8c5-4899-5202-9189-2887bcabd33d
53kg xtra virgin,178cm,ap,163,3678,a1d47c8f-7bef-509b-944a-a8ae9bd44825
s0uthtiger,al0ne,ap,163,3681,445e0522-c9aa-5962-b103-577f03e7facd
Qontra,onYT,ap,161,3740,9c3953f4-1049-5d68-bfce-0a6a42f094b6
xdEclipsee,ez123,ap,159,3774,4f61adf7-8dc7-553e-959c-01dd38625e7a
CHARIZARD,exey,ap,157,3813,bdd67d4c-16d5-5e8d-9c8d-99777e47fc1a
GGA VENDETTA,2011,ap,157,3818,6fd87214-88ee-542f-bd01-1ca370407226
Kayel,800D,ap,155,3884,21d80097-0642-5d54-964c-c2db1ad55bb5
โรบอกแมพมายคราฟ,001,ap,152,3964,a482b5f9-a15f-57eb-8862-18627308be63
taife,yum,ap,152,3974,c6ee2f62-b9da-5064-b130-323cb97d85fa
desperate,thh,ap,151,3994,75425651-268c-5c34-b0fd-0b23aa14eeda
T1zzin,888,ap,151,3999,bdd6fb54-4597-533c-9948-809b030d1acd
Jaggi,dgaf,ap,150,4006,dea2c003-9695-55f7-b132-dd46af76cd84
wunder6k,8888,ap,150,4018,1b676b0a-4680-5716-a76e-fd26be1a1913
jihu Anggimoti,앙앙앙,ap,149,4039,a76bdef2-d030-5e5a-8071-2659c61815f6
joyboy,ness,ap,149,4040,522e159a-11a3-50ff-b82a-04f307af406b
r4dahn,bobby,ap,144,4214,9a4303d6-da33-5002-8441-f0e990adf995
kaipedtom,1650,ap,143,4224,148aa22a-b13c-559c-aed5-223f1498c96e
Mohamed Light,母親管理,ap,141,4287,275f014e-929f-5504-b6e7-428f7fb47c02
Lastresort,MVP,ap,140,4346,e3865759-8e6c-5cd0-a7f9-966ed55ea83c
kash,aisha,ap,139,4376,c7e1a777-3e77-5108-ae5d-be834a5ebd00
Let,HAC,ap,139,4378,eb4b4e96-dbaf-5d9b-874b-8c1b5268925e
Julius Caesar,無敗神話,ap,138,4398,388e6d1a-f6cd-5e96-823d-a229fefda85e
nausu,963,ap,138,4420,c2bfb697-4da8-5e12-a13b-e6e7c893f797
Gen JY,2010,ap,137,4433,3bbf728f-59a6-5e18-b4b7-f96af49494df
萬里長城,WALL,ap,135,4491,cd2b2275-1199-568f-af5d-0aa79f68fa14
ooo,5468,ap,135,4520,794056b7-61e0-5c8b-95a4-f2f3f21d2d50
Undertaker,LilaS,ap,134,4531,210b5cc3-ed26-563a-a7d3-1c3c968caaa2
SangraM,8080,ap,133,4566,af0660ef-f081-55a8-8b8c-006f97ff5f20
Dowoo,1014,ap,132,4590,76915b67-5827-56df-839f-18dc32bd952f
innocence,kanee,ap,132,4600,a60a38cd-4fac-5e44-8a61-d9931b4e8edd
xera,miyel,ap,129,4722,6d83116d-8cf0-58c6-935f-7f95a21bbb52
Omnii,008,ap,129,4728,49ea0931-3801-5447-ad52-2a6a7fcf5821
Tat5ua,unchi,ap,129,4739,f80c69f5-e02c-5b23-a46f-d874beaadfe8
Nano,0831,ap,129,4742,302ee25f-4c1a-5b20-8f41-7f282f509992
master fearless,강주하,ap,128,4763,38f9f9d7-90d8-5fe4-8baf-2b2cdcaa18d5
Daisy,0604,ap,127,4800,1dd5e564-8cc6-52ee-92ed-d50172dd8949
imeow,baby,ap,124,4908,2a86f4cb-d78e-5d2d-ba48-9bb883f19d14
Spookyz,abc,ap,124,4936,58c58e07-c03b-5b0c-8639-4d0b8d6981b6
APACs DEMON1,3650,ap,124,4937,23f7d813-0a2a-57af-876c-c7e6662fb6ab
Almond Chocolate,0511,ap,123,4949,7ad4bae1-ac96-5f1a-8760-0b3d5b37b69f
asdasdasdprodg,venom,ap,123,4975,e767b298-96e6-5e4e-895b-fd88d3987216
えげつない,他責duo,ap,123,4977,0f5e0571-a0fb-5ed9-93ea-062fc98a1033
CTS Neeqo,carms,ap,123,4987,6739d1c5-e0a0-5102-8986-6592da9c2f47
Youuu,hot,ap,121,5086,6a865c74-78ca-552e-8209-e71c5719918a
Kneehawl,AIMER,ap,120,5116,895e38a3-cd5f-5a51-9cf8-1a551ce1fd5d
lnai,uwu,ap,119,5152,2c27a7d4-9614-54dc-98e4-28cf94bd2da6
active aero,cyjen,ap,119,5173,39b0eb02-9a31-56d3-a649-c0f96b387283
Wishes,12000,ap,119,5194,dbe50ff9-5747-5b7a-89cf-f9455f634863
姐姐 我喜欢你 我想你 我爱你,每天见,ap,118,5205,15387fa5-cc47-5c37-977a-34cb7a4db16d
ChaS2r,ASIA,ap,118,5209,4c50a801-087f-5fc7-9147-fdd30cfddda0
Dead Frontier 2,DF2,ap,118,5228,7745badf-3522-5895-b7b3-e744635e5e22
Misatuu407,Rem,ap,118,5232,8ca4857c-cc98-5ce5-83f6-062ac99e7323
곧 40대 아저씨,늙기싫다,ap,117,5249,1ee7566f-7b85-59e4-a9e1-cf86ddf73efb
プロサッカー選手,397,ap,117,5295,c9e23c99-79d2-5cc3-94bc-2618831599ba
Hasagiii,6990,ap,114,5399,24303f67-cf78-50bd-b150-db84a3d93ffe
ねこがねころんだ,2222,ap,114,5408,4aabfc04-5ec2-594c-85b1-e8ee9e824c4d
Hyeno,123,ap,114,5430,88e7e442-6bf9-5d61-84a2-6fd75483628b
AGT Kyokai,kiyoo,ap,113,5472,6970738a-782d-5c6c-a0f7-156a4beaedc8
I lost her,hers,ap,112,5510,3c75734a-429a-5656-80d6-7f505db9a2f0
Asuka Langley,DRX,ap,112,5536,0d84c326-0d4b-5583-bb22-58bbdf11e0aa
mini pekka,crash,ap,111,5557,42e63f3d-9661-508b-beca-2ec899e39233
我叫石井兰,MaRs,ap,111,5572,3476c4b3-5e28-5a15-8fac-b5f0117eee49
Kahlúa,OPALL,ap,110,5635,14616a4c-8fdc-5d37-819e-add736ba8f81
あびちゅん,91856,ap,109,5652,83918e96-a07e-55c3-82cb-e0a419bfcc25
Лисы,NWB,ap,109,5663,8440f512-e4b3-5562-b306-b9318c46aa07
wong,Mayo,ap,109,5703,5b2349ae-f144-54cc-be62-acda4c791097
WHATS THE MOVE,000,ap,108,5727,26c09c94-fa5d-582a-8289-01e338893cd1
howtokill,srmb,ap,108,5748,dd3edfef-96de-5f23-ab66-04bc637ef87c
おしりかじり虫,yummy,ap,107,5782,63a1f738-5249-5f36-9b23-a9ac4da2c60f
retiredmoth,Moth,ap,107,5805,8b5c1fc8-d647-575d-a5b3-dc91a4dfab24
S L U S H Y,feekz,ap,106,5833,cd054753-8b9b-50c8-8e0a-9a68af1dda8b
沖縄に行くために,KR2,ap,106,5866,d09eaae7-62ec-5a26-8497-b0850a7f7d10
I miss her,xxxzx,ap,105,5896,fa4e3020-aa73-50f5-821c-db6e8d53917e
joke,2657,ap,105,5905,136da410-db6c-5fc3-9bda-4689a7a9de7c
gunta,0408,ap,105,5915,08a462f9-61ae-5631-8c10-28ba10e9b45d
levitating,zzz,ap,105,5922,15c85e97-4d16-5111-a743-102b5fda10dc
すーちゃんa k a 鳥谷敬,フルパ,ap,104,5964,d3458c0f-1443-59a6-8c12-b001b704eb60
syue,914,ap,104,5986,91eaa3e5-7f6e-51a1-acd9-53bc7986a1d1
yomamagaming,1027,na,684,10,3f67862d-8698-5b5a-b208-8f1be0488338
Karma,bear,na,647,17,f522ef27-a70f-5f8b-a0fe-9bdbc04fdc10
tas,num50,na,614,25,8f2f45bb-ec79-5d86-8633-ada678a37e92
Duck,MST,na,596,31,9aa420bc-0e63-5eb7-9c9b-a609268d3fee
azrex,2679,na,586,35,15e1c739-1cf9-5afb-be37-36214ea9d396
huphh,FCity,na,514,82,b28e0a53-2994-5c8d-9b69-3acbdd2e37ba
freg,ley,na,512,83,b656d512-f603-5345-9f8e-249d3482bd6f
enzo,yyy,na,509,87,0ebea47b-f9e4-5f09-9068-0174f69e13e7
RYKER,88777,na,459,178,027da509-49e3-59c3-9dc6-1b34cb036acc
zylo,aim,na,458,179,9ada2c99-b577-559c-af0a-6431725857ea
hokumpoke,meep,na,419,250,d36fdf99-7f04-5fc9-87aa-975f6501ebc1
jinwoo,bruno,na,409,262,64ce4130-55b7-579a-9228-d6870506de14
este,15yr,na,380,307,943a5959-0b7d-50a7-b5a9-95171ae609a7
jefesin,0101,na,376,325,3e8e4aac-2a66-5da4-84d9-505d5ba6e26a
hieu,chels,na,367,346,7e56b232-87fc-509d-ba14-3c91f9b62b34
Wingcent,schiz,na,354,379,267f16a6-fea7-5189-92db-b656242ef4be
VantiK,brit,na,352,385,a7e32707-1b1c-5fb5-b0b6-efcdceb385ca
john,kelly,na,343,407,31965e60-5c34-5e38-a5b9-81a199ec8cb3
ilikefruitt,kang,na,328,446,23e8d1c0-4665-5eb4-abc5-31a2a8357b54
Twitch Navoros,Elo,na,327,452,94d03e60-6a3b-58cd-b1ba-6d179e6d30bd
Sushie,cris,na,326,454,3600d49b-d22d-557f-ad83-8ea9da255a37
purp,roo,na,319,476,756dd347-7d82-5d8b-9546-5d3a4a3bd77d
unc szn,lmao,na,308,513,0348d826-8701-54a5-a1de-ab406b06e7ff
freak bob,chud,na,300,544,5455d790-f439-5cf8-8015-991f4d65aa87
ADG T,1TAP,na,288,582,9f5f404b-cc5d-53c1-b25b-4e63e8aae0c0
jvoh,6 7,na,287,586,2a032aed-4577-5415-b87a-c332dce47e8a
ethan,404,na,286,592,2a5484e0-f077-5491-ba79-c3bded4612a4
SLAMDUNKASAUR,norm,na,277,642,5a43de03-0e6f-5049-8986-17077a907d72
stonem,tony,na,271,680,25ca4c30-4219-577d-8945-1eab4520c49f
KILLERROQUE77,ava,na,271,681,47446fb8-b0da-5aa2-af5e-97b92363bb10
ethn,blss,na,268,698,9aaab864-9309-58f4-8994-98dafd56287f
I love Pho,UNC,na,265,711,b07b0e1b-331d-5256-8514-8b9cec6ed7bb
Bjorn,Nrojb,na,253,791,c975f8ce-c8bc-5618-a840-fb5faa475d98
sunter,feet,na,250,811,c38e33e2-7eac-557f-b7df-bd3dc2d3dbf7
twitch Vims,angel,na,249,817,2fd5a247-d63c-5887-8321-c2b534087f20
Kehmicals,000,na,244,846,cde296b2-43ec-553c-ae73-95c6d9d53187
spikee,bebop,na,239,876,eca74ea1-304d-5eb5-b8c0-fea6b124fcc0
TOAA,7am,na,239,878,66829b9e-bb6d-5073-954e-8814ae11cd32
taka,buff,na,238,883,071b552b-a0cc-58d6-a9ae-4e37af83b50b
twitch brand,kitty,na,238,884,617d442d-5674-5a86-90e1-39a7e4a6442a
Repetition,X3314,na,234,915,32cfd94e-8857-5970-91f0-d7f5670392c2
g1tch2,6232,na,233,919,91346e6b-8b36-53de-a1f3-2263fa7b28e4
tyqzu73939414224,444,na,232,935,1b460393-a296-5269-8cf8-7aae9ef2fab4
saya,ellie,na,227,958,dcbffa01-8c32-5d59-8d99-1863594aaa28
Prestige,BSU,na,217,1009,a8994df4-9f1b-530c-b2a6-7f3ddca75cd1
cutest catboy,owo,na,216,1016,50b16292-4577-5bb4-8d0c-65489a005d02
Relix,isah,na,208,1086,b31207a6-b4cb-5279-bf4d-4cc0ee025f2b
roque,avav,na,204,1128,27e37385-5898-553b-94bc-b41885453438
twitch thors,2009,na,204,1138,848fb27f-0355-56a3-9066-c0774121c758
trr,clem,na,203,1144,5846dda8-66f2-50ab-9c15-6c112429dd2e
Agent 47,Mr47,na,201,1175,50de44d3-893c-5421-ba66-24c825df3719
twizly,dprsd,na,200,1185,60de7ff2-fca4-5b75-a1fa-4944e9cc4d7a
JAVIFASTLIKETENZ,JAS,na,196,1204,7c7fde32-62a5-5b1b-9b60-bbd208e4366c
Mob,oobie,na,195,1216,fb6ac5c4-47a9-52bd-879c-e16babbe26d1
romaññ,gflvr,na,195,1218,a8477309-d832-50fb-853e-b10e65243a32
TOM  MOGGER,301,na,189,1261,a2b958ee-2c74-5517-b6d9-06866998210a
dadstin,glep,na,185,1279,e3b2d01b-3906-59ab-8187-a27ac2268b1e
Day,lft,na,184,1286,5baf109f-5796-547f-9c30-411a44d1027f
QOR flyuh,kat,na,182,1300,e43e6b46-bda6-5452-9dd9-e876b67a38c1
Light,Dazzl,na,180,1315,c342b482-abae-5d1a-bea2-457492f59f63
6ixo,1ttv,na,179,1328,5df0cbbf-d0ee-5e65-9776-38b11c252edc
ENVY Future,000,na,163,1469,8bfff9de-01e8-5fc4-b028-fc4fd90f96b8
Sueiy,emma,na,157,1529,e0bcc794-74d4-561e-9088-f32835372c46
idk718,111,na,149,1614,f3b7d731-bf54-50eb-98cf-47633312fedc
ltk,focus,na,146,1652,a4c1afae-2199-5eb9-b576-ed3daed3577f
bullitt,ropz,na,144,1683,4605c08e-614c-5146-8994-05796563aae8
mikesta,lucky,na,143,1684,347855fb-8925-5a91-8303-eff92f0d5250
Kai,好きだから,na,136,1794,3bd7dc3a-571c-5667-955b-86230b95a592
cloud,hba,na,135,1796,6a739684-0b9d-55dd-938a-93dcf7517b0b
proly,proly,na,134,1810,5e8c2048-31d6-5c63-9a3c-845bacfde058
poof,eqs,na,133,1828,ab03d037-0227-54f8-b879-a17d496d2a1d
retrac,keef,na,129,1896,ebcbafc0-7fcb-5c2f-8a9d-edb855fa38eb
Lox,3028,na,128,1909,d5c82362-026f-53e3-8d7a-87d4214681f5
tina,tgz,na,128,1917,ee548ff2-8fd0-5f02-82e2-4ee8fc8084e8
SR meL,amori,na,126,1933,f8809e4b-070a-5c55-9d9b-fa8db0cfd42b
Ahn Suho,CL1,na,126,1944,29c13336-7dc8-5aa0-9400-54fe0e317c67
ICE AG3NT,MAGA,na,126,1947,27754c30-e970-50a9-a170-a73357f3db79
Groudon,EX15,na,116,2102,f0e84d54-f4b5-53fe-a23e-9a8517fc20d0
han,0 1,na,113,2163,5b4b96ff-9676-53c1-ae30-8a6f3f7ba71b
foidhunter333,chud,na,109,2257,4acfdf90-956d-5bc3-be2d-3a2af84e69ea
midrift,maxe,na,109,2264,0e557439-d456-5793-abe6-dd46f9709958
meowing fo mommy,mama,na,108,2279,933858be-6c5e-546c-8a2d-e7c7e8bc310b
KING FAWIST,0001,na,106,2330,8a327d0d-5ba7-52e9-a581-7f8474a6f786
pnl,mtl,na,106,2344,cbba6316-13bb-51dd-9d7d-9387afd4cecf
丶丶丶,qqq,na,102,2456,767f32d8-1aaa-5098-b852-ef94d0d7693f
BOSSCK,OSU,na,101,2480,5cbb669f-edf0-5f5d-891a-a8a991436d58
JantR,808,na,100,2509,d5083be0-dd3c-5dd7-8822-75ec29ff9d56
HIGHWALL FAKEOUT,1017,na,99,2523,f18e958b-d551-51d2-a66c-d1cf162ff6e4
微分碎盖,1124,na,98,2559,35310b50-8920-57b0-933b-b077674eb8ec
Melslung,NA1,na,98,2568,98f9e982-a97e-5770-b148-e1925a75ddfb
vvv,veer,na,97,2584,1edd8597-d13c-59bb-939b-d7cf3266bdc2
Vow,zzz,na,97,2590,66126b20-6f6f-5c7d-9e38-16a8fdfa05d0
XvrFb,Xvr,na,96,2623,858776aa-07b4-5717-ade1-6415eb44a546
TanglyTree,Yare,na,96,2628,a3a34675-5c3c-5f3a-a056-3a442f54c8ec
SEXY Lexy,sussy,na,92,2732,4338024d-a59f-5039-90ca-bd4cb45d0392
bodies,628,na,88,2852,e1377662-3f6f-50c5-baa5-185209a9f83f
Umbreon,ella,na,88,2860,0a4bf516-2d3b-59ef-9e92-c4cdd79dca6e
EGO,VIET1,na,86,2901,18e0fcab-c408-564b-9484-4e1a6c91b124
Breezy,9275,na,85,2910,ff717339-0f03-5916-8a2f-ea190ae4b08c
개성을 존중하세요,46925,na,85,2916,671a3bb8-f80d-59cc-8466-4e8e3bc56b17
Human,ˉ一ˉ,na,81,3009,767a8fe1-fd8f-547b-9aad-c6051d995ecc
onomatopoeia,EME,na,80,3045,2c5a4f85-157f-539d-b450-674f35c739f8
relyta,0121,na,79,3069,b72bf934-a65a-502c-9700-dc9e2a919d35
bobaluvrr,2easy,na,77,3112,3dd354be-5196-5810-9adb-6cfef846aa73
top floor boss,5523,na,77,3128,a87ac525-941b-5bfc-988d-2cfc80fb838e
CELLGLHF,TTV,na,76,3154,292f286f-49ab-5b6d-91fb-4469cb3cc738
TIGR,JUICE,na,76,3160,31f14e27-2727-55e6-8c34-ad795d675a3a
Ahmeowzing,meow,na,73,3234,a8ef86e9-b901-5679-952a-4178babb968a
ヴォーンは私のパパです,smash,na,71,3284,4b644203-7081-54c6-ac0a-a345f2faa5d9
Ryde,KOREA,na,68,3374,1f283494-dc4d-517f-80ab-4c00ef23ca90
Whardox,hehe,na,67,3400,4890a648-b4cc-5cdc-a2d3-9f6c1b1cb19e
TWEEKS,MEWZ,na,67,3405,bdbf4d4c-4ccb-5521-a364-5814d1a2b694
simon,gamer,na,67,3412,39de034f-b5c9-5fbd-b670-dc9f524bfc63
Phantombrawlz,MEOW,na,67,3421,58896a20-4371-5eb3-8231-4456c9b25fab
2009,ISFJ,na,66,3442,1ddb87ec-7887-5204-a3ba-d778dc48ebed
Jamesint,8180,na,62,3582,e438fa8d-3f70-574a-ac11-ae0b1af50a45
Scooby dooby doo,ragy,na,62,3591,04f6622e-0f96-545a-b53e-2d317f2f06c0
Bubbles,APAC,na,62,3600,ac0941c5-b466-54d3-9dc6-a0bcfe30fd06
Nebu,Ragna,na,62,3605,1214aeff-fef8-536c-9366-96e458de2a94
LFT MrNajib,Scope,na,59,3688,cbc32a59-b2df-50e3-bb9e-5e3320ed6e00
UTSA Dukey,jakob,na,59,3694,f80f5497-e27d-566b-b02e-9e3583459700
swag,5314,na,58,3736,2e6fb19f-333b-5e11-844e-12c71f85657d
sae,roky,na,57,3765,705ed17e-aa38-5c65-a2de-c7ebb9d85867
NO LIMIT,888XO,na,56,3793,9a127600-4462-5bff-a2da-1ba867b060cc
UPIKE Frosty,BEARS,na,55,3847,0c268f65-ad0f-5d7f-900d-f7e6cdee259b
30rr,W W W,na,54,3854,3902348f-ab25-5b2f-9978-c733afce4596
Balefrost,918x,na,54,3858,32cd378b-41b0-52c0-842d-9d6dcce90a77
chasu,shyne,na,54,3880,3693b146-1f9d-57b4-8dcb-8affce813090
frk4life,1273,na,54,3886,5a2b83ef-a0e7-5cfc-998a-bf0b17f0cfe0
nardo,917,na,52,3939,0c2a959f-3277-545c-8ff1-a359f35a86af
KingintheNorth,JSarc,na,52,3956,6adee932-4706-5300-bed1-b9f229460ed9
Alexmeister,0420,na,52,3973,dbd423f1-6b0f-5cc6-8af2-87936517b656
repent,002,na,51,3981,bcdbf8f2-021e-5f6b-89c3-f6edba188f9a
BLUECHEW ENJOYER,RHINO,na,50,4053,1b6328c9-7e6f-5a1a-ac9a-ce6c4c9fb37b
JoeCool,6767,na,50,4057,381b088d-9041-5b73-90aa-dfbe755ed48a
hayvon,oblk,na,49,4076,630e2f0c-f488-50a5-8bf0-c17d2324fdb2
Potat,sauce,na,49,4102,003c295a-9e0a-5e66-a053-7c9b00b67d56
一一一一一一一一一一一一一一一一,jmonk,na,47,4173,28dcd182-c63e-5bd3-9d5e-7c0615892b7a
oofm3,goat,na,46,4225,cdf0e227-93a6-5138-9289-f1ba997fd20d
sFayt,keke,na,46,4227,03d5bf22-09b7-52e3-9dad-83ddc4298c3e
Ghxstw,LOL,na,45,4280,69e2343f-954d-5bfe-8e8c-e059bb869bcb
APerson,71811,na,44,4321,9aa25a96-b54d-5c0b-9be7-4dad70e92a6c
Bit Shady,Shady,na,43,4349,5456977c-45c5-56d2-8efb-c87fdedf5636
sweesk,winx,na,42,4419,550bf05b-664b-5a36-8219-e5e14dec84a4
twingl6cks,2564,na,42,4427,b019aca2-258a-5adc-826e-167e21f36253
Lupin,DCC,na,41,4465,b0b7b7d3-29b6-5302-9c8e-7a7b368a611e
Ener,NA1,na,40,4521,968c3a71-bb5a-5fc1-ae7f-1f166946ed58
MARIO,LUIGI,na,39,4530,2b124ec8-b41e-5c5c-bda0-a49308beef40
IChoseMyself,0812,na,38,4571,2daec97e-7cf4-5873-bac0-24b09efc132e
zap,TGK,na,38,4591,9b1135cb-1fcb-515e-99f9-dce1059cdd91
中国弟弟,lf姐姐,na,38,4593,451f1050-b18c-51d4-9d1e-482e96f282dd
sury,tszz,na,37,4664,5a48649d-cc67-5215-9bd8-d3a939071de2
slaqc5k,muzzy,na,37,4665,4b02e7e4-a7c0-5ad5-b4a3-d0a1cec6778c
zemo,9654,na,36,4696,e748370c-eebd-5dbe-a626-7a4508a810e5
KFC CHICKEN,77777,na,36,4703,8c7fd0c2-b442-5141-a7ca-01dc8dc33b47
CAFé CON RON,1455,na,36,4707,8c5e5838-20a7-56c0-96d5-636bc113bd6c
LukEEdroid,777,na,34,4800,0dfc2f57-f4b5-57f4-b60b-6e03f8fe491a
Phainon,Cycle,na,34,4843,892a826c-37b7-5fd5-a73d-ff1590e555bf
Stillness,lzy,na,33,4851,e35738ca-ac45-53a3-8ea2-97c58b24e1d4
urek mazino,xxxxx,na,33,4876,71823a01-31ff-5216-a3a6-0a8eb439d91c
sillykittygirl42,kawai,na,33,4887,09113df0-ecba-51cd-be53-877b8d18ef48
Dawning,NA1,na,32,4925,5eae822c-f035-5779-987b-88f5e5aa4b89
Fuzzy Unsure,MOLLY,na,32,4933,4254b166-0378-5ae4-89af-aff53de35f5e
r1cky,gang,na,32,4937,63ee0309-a03e-5dcc-972a-c2e759f48d49
lean,zaa,na,31,4999,4bdc111b-7a21-5418-a8a0-77c4a48673a5
keesn1,3983,na,31,5013,04dee5d3-4623-508f-b6ea-f4f71b231b29
veer,1144,na,30,5040,08f17180-78d9-509b-a759-54a465a88d1e
LeoRakBằgNướcMắt,1106,na,30,5048,1d9d1f3a-53df-56ac-af5b-e23f8d2ba36b
demobluu,magic,na,30,5056,68cd3694-6473-5cfa-87f6-5563fb56d685
Feen,kiki,na,30,5066,5e4b968a-11ef-5585-8087-3b35da71f7f2
Rocket,1812,na,30,5070,b9bdac67-8930-57bc-ac33-264ac094a9cb
Nexo,VSOP,na,29,5089,5c7d6454-f7f4-530e-9683-a2fcad144930
cain,kira,na,29,5098,ad68facf-1157-541a-af6b-b5029e5a17e6
ITPolar 2,173,na,29,5135,72da2fe8-e275-5854-a4b8-d40a9e8d0487
makima hater,csm,na,28,5168,eca00226-55f5-5533-bb2e-8b919952cf1d
Wolf,Speed,na,28,5172,d41b07b3-ac03-51bc-8682-d0c8698623fd
tfeq,2001,na,28,5186,f1d6b6f1-713c-5190-b9df-aab6e90435ce
DANNY,BNC,na,27,5210,b318296f-5f40-512a-94e2-27932235a88f
Lake,MYTH,na,27,5216,0f47608c-dd87-5da8-91bc-a38c3cb0c76d
ICYRuibo,3514,na,26,5294,9fa1ec1f-24f1-5942-8e77-e349e69ddad9
Exicutioner161,161,na,25,5332,610c9c77-5a01-5a36-84a3-0ddf76f5e0c6
나 σ,lvn,na,22,5468,25d54093-38ac-5193-982e-4f36f419659d
Pollysaurus,Polly,na,21,5550,c5b01ae3-a8ec-5c4c-9634-31b48d18ccd3
but not forever,1122,na,20,5561,cd115734-3547-54de-b9e0-3f4ef0c4ebf3
hoodini,dini,na,19,5611,c6d08c66-35de-5140-a9f5-745d712b4119
KSN,Kason,na,19,5663,80501a27-ecb0-5a1d-935a-509c393e01b7
khaybar 2 313,YaAli,na,19,5665,e7ebf87f-4f0c-507d-a909-0ac75da32ae9
toma,sylad,na,19,5675,f91bb961-46f4-5143-ba71-722d32362558
amon ra st brown,0hdcp,na,18,5700,baeaecda-ed59-5235-b84c-6080f4116ba1
kaiLreo,카일러,na,18,5709,343fd143-5493-578b-9717-759a28c9eb44
mango,lel,na,18,5721,8d38f4fe-d5bc-5112-af84-5da723c80765
Acel,SIIQ,na,18,5724,dc55a784-5963-58df-8431-3860aef09e64
duv,rfrmd,na,18,5726,6de3fa4a-5f47-56b5-962b-89916121dd10
battison,0918,na,17,5790,94312d37-2cde-5703-8d1b-30cfa464b6ad
1v9,017,na,17,5869,c3c212ae-d5d0-5222-aab9-1ee4fb436d3a
Turtツ,808,na,17,5870,d56e7e75-503d-5607-9099-88e99ffd73db
docket,suki,na,17,5873,c0781afd-8c45-5fe2-bd1b-46efb7bfc9ee
yoochune,1111,na,16,5951,7706155e-b32b-5083-9387-75fad3955c37
Goose,5513,na,16,5961,cc58b1ce-76fa-5556-b689-3dc2e21fe4e1
Gumszn,3001,na,16,5995,27db695d-fd8b-52b5-a376-e5d5c8a7b753
